序号,产品名,当前轮次,成立日期,所属城市,产品介绍,所属企业,tag
1,芯华章,B轮,2020-03-11,南京市,芯华章是一家EDA智能工业软件级系统研发商，致力于集成电路电子自动化领域，可为半导体行业用户提供芯片设计、EDA智能软件和系统等产品。,芯华章科技股份有限公司,上海合见工业软件集团股份有限公司
2,国微思尔芯,股权融资,2004-01-19,上海市,思尔芯是一家集成电路电子设计自动化解决方案提供商，主要为用户提供自主研发的FPGA快速原型系统与软件、EDA工具以及仿真验证云系统等产品，广泛应用于人工智能、物联网、高性能计算、图形图像处理等领域。,上海思尔芯技术股份有限公司,上海合见工业软件集团股份有限公司
3,晶锐工业软件,并购,2020-05-21,深圳市,晶锐工业软件成立于2020年5月，位于深圳市，专注于芯片设计全流程EDA系统开发与应用，研究内容是面向先进工艺和国产高端芯片的需求，开发一套数字芯片设计含硬件仿真的全流程EDA系统。,深圳晶锐工业软件有限公司,上海合见工业软件集团股份有限公司
4,超概电子,C轮,2010-11-16,上海市,超概电子专注电子设计自动化EDA软件、集成无源器件IPD和系统级封装SiP微系统的研发。公司致力于为半导体芯片设计公司和系统厂商提供差异化的软件产品和芯片小型化解决方案，包括高速数字设计、IC封装设计、和射频模拟混合信号设计等。是中国集成电路自动化软件技术和微电子技术行业的标杆企业。,上海超概电子科技有限公司,上海合见工业软件集团股份有限公司
5,立芯软件,C轮,2020-11-12,上海市,立芯软件成立于2020年，自成立之初就聚焦于数字芯片的逻辑综合与布局布线全流程工具的研发。作为一家EDA工具开发商，专注于物理设计和逻辑综合等集成电路电子设计自动化EDA工具开发，助力搭建中国自主化芯片研发生态系统。,上海立芯软件科技有限公司,上海合见工业软件集团股份有限公司
6,芯思维,天使轮,2021-04-26,上海市,芯思维是一家面向集成电路芯片设计自动化EDA领域的创新型高科技公司。公司总部位于上海，以完全自主知识产权的EDA逻辑仿真以及逻辑综合工具为立足点，覆盖汽车电子等功能安全电子芯片故障仿真，消费类电子、IOT物联网芯片低功耗仿真，以及数字模拟SOC混合电路快速仿真,上海芯思维信息科技有限公司,上海合见工业软件集团股份有限公司
7,芯行纪,股权转让,2020-10-16,南京市,芯行纪成立于2020年，是一家EDA数字实现解决方案供应商，着力于自主研发新一代数字芯片实现EDA技术和提供高端数字芯片设计解决方案，可大幅度提升芯片设计效率，并助力实现芯片一次性快速量产，在人工智能、智能汽车、5G、云计算等集成电路领域为众多合作伙伴的高速发展和产业腾飞保驾护航。,芯行纪科技股份有限公司,上海合见工业软件集团股份有限公司
8,鸿芯微纳,股权转让,2018-01-12,深圳市,鸿芯微纳成立于2018年，是一家国产数字集成电路电子设计自动化软件提供商，旨在通过自主研发、技术引进、合作开发等模式，完成数字集成电路EDA平台关键节点的技术部署，打造完整的全流程集成电路设计国产数字EDA平台，实现国有半导体产业链在这一关键环节的技术突破，可为用户提供微电子电路芯片设计、电子设计自动化软件等服务。,深圳鸿芯微纳技术有限公司,上海合见工业软件集团股份有限公司
9,广立微,IPO,2003-08-12,杭州市,广立微是一家EDA软件开发及解决方案提供商，通过自主研发版图生成自动化软件、智能测试机Semitronix Tester、智能数据分析软件DataExp和VirtualYield等产品，为半导体制造和设计业提供智能化测试芯片系统及一站式技术服务系统。,杭州广立微电子股份有限公司,上海合见工业软件集团股份有限公司
10,九霄智能,Pre-A轮,2021-11-01,衢州市,九霄智能是一家专注于数字EDA工具研发和先进研发流程推广的软件企业，致力于持续完善和提升国产数字EDA工具软件，为芯片设计企业提供完整的EDA工具软件平台，并以此为依托，构建完整高效的芯片研发流程。,浙江九霄智能科技有限公司,上海合见工业软件集团股份有限公司
11,Cadence,IPO,1988-01-01,-,Cadence成立于1998年，是全球电子设计自动化（EDA）软件领域的领导者，电子设计产业的关键领袖，针对半导体和系统公司，提供业内全面的、高度集成的端到端解决方案，业务覆盖定制IC设计和仿真、数字IC设计和合演、功能验证、IP、系统设计和分析等，拥有Pspice、Allegr...(由CN10/CNPP品牌研究员专业测评),铿腾电子科技有限公司,上海合见工业软件集团股份有限公司
12,弈芯科技,A轮,2021-08-16,杭州市,弈芯科技成立于2021年，是一家集成电路服务提供商，专注于打造下⼀代EDA全流程设计云服务平台，公司致力于EDA大规模并行软件产品的设计及开发、EDA云服务、芯片设计服务和EDA软件产品销售。通过自主研发和商业模式创新，提供EDA解决方案，为合作伙伴提供安全可靠的产品服务。,弈芯科技（杭州）有限公司,上海合见工业软件集团股份有限公司
13,伴芯科技,Pre-A轮,2020-10-28,上海市,伴芯科技是一家SoC设计服务商，主要基于自有的EDA工具链，为用户提供全流程SoC设计及流片量产全流程解决方案。,上海伴芯科技有限公司,上海合见工业软件集团股份有限公司
14,芯聚科技,天使+轮,2021-08-20,珠海市,芯聚科技成立于2021年8月，致力于EDA工具的研发、销售和技术服务。将助力自动驾驶、5G通讯、人工智能等多领域的发展，为不同领域的芯片设计企业提供安全可靠的解决方案与技术服务。目前推出了新一代芯片可靠性签核工具CURATOR（鲁班），具有全自动ECO功能。,珠海芯聚科技有限公司,上海合见工业软件集团股份有限公司
15,图元软件,未融资,2011-01-04,上海市,图元软件是一家专业的芯片与电子系统设计整合服务提供商，公司旗下的产品和服务涵盖电子设计工具软件（EDA）、芯片设计、验证与认证外包服务、集成电路和嵌入式设计培训等，致力于主要服务集成电路设计、航空机载电子、航天电子、汽车电子和医疗电子等行业客户。,上海图元软件技术有限公司,上海合见工业软件集团股份有限公司
16,玖熠半导体,A轮,2021-02-01,无锡市,玖熠半导体成立于2021年，是一家致力于自主知识产权半导体EDA软件产品研发的高科技专业企业。专注于从事芯片设计辅助软件的研发、生产及销售，并提供ATPG、L-BIST以及Boundary Scan等产品，致力于为行业用户提供相关的芯片设计解决方案。同时开发了EDA项目。,无锡玖熠半导体科技有限公司,上海合见工业软件集团股份有限公司
17,华大九天,IPO,2009-05-26,北京市,华大九天成立于2009年，一直聚焦于EDA工具的开发、销售及相关服务业务，致力于成为全流程、全领域、全球前沿的EDA提供商。         华大九天主要产品包括模拟电路设计全流程EDA工具系统、存储电路设计全流程EDA工具系统、射频电路设计全流程EDA工具系统、数字电路设计EDA工具、平板显示电路设计全流程EDA工具系统、晶圆制造EDA工具和先进封装设计EDA工具等软件，并围绕相关领域提供技术开发服务。产品和服务主要应用于集成电路设计、制造及封装领域。,北京华大九天科技股份有限公司,上海合见工业软件集团股份有限公司
18,芯无双,Pre-A轮,2022-05-26,上海市,芯无双是一个EDA工具开发商，专注于制造端集成电路电子设计自动化（EDA）工具开发，积极融入国产自主化芯片制造生态，致力于为晶圆厂客户提供可以信赖的工具。,上海芯无双仿真科技有限公司,上海合见工业软件集团股份有限公司
19,錾芯半导体,天使轮,2021-12-15,珠海市,錾芯半导体成立于2021年12月，是一家高性能集成电路设计服务提供商，主营业务包括FPGA芯片，PCB板卡，EDA软件租赁和设计服务。公司通过EDA技术创新以相同芯片成本实现大幅性能提升，相当于在28纳米成熟工艺上实现超过传统集成电路设计方法在3纳米先进工艺上实现的性能。基于专利技术自研EDA软件;基于该EDA软件研发并实现了28纳米FPGA芯片流片。产品应用领域包括消费电子、视频处理、5G通信、电力电网、人工智能异构计算加速，区块链安全可信计算等。,珠海錾芯半导体有限公司,上海合见工业软件集团股份有限公司
20,日观芯设,Pre-A轮,2021-04-12,深圳市,日观芯设成立于2021年4月，总部位于上海，是一家专注于数字集成电路EDA后端设计签核(signoff)的软件研发和本地化服务供应商，愿景是成为国内数字后端全流程EDA开发的领导者，达到并超越国际水平。,深圳日观芯设自动化有限公司,上海合见工业软件集团股份有限公司
1,华锐风电,IPO,2006-02-09,北京市,华锐风电是一家风电设备生产制造商，自主开发、设计、制造和销售适应不同风资源和环境条件的大型陆地、海上和潮间带风电机组，并自主开发出5MW、6MW系列风电机组，致力于成为新能源综合解决方案提供商。,华锐风电科技（集团）股份有限公司,上海电气风电集团股份有限公司
2,久和能源,未融资,2014-11-28,鄂尔多斯市,公司主营业务包括：大型风力发电机组及其零部件的研发、制造、销售以及进出口业务；风力发电系统的技术服务与咨询。,内蒙古久和能源装备有限公司,上海电气风电集团股份有限公司
3,维斯塔斯,未融资,2005-06-27,天津市,维斯塔斯始终致力于推动风电技术的领航者，风电发展的原动力，是世界风力技术领域的先驱，和发展风力发电工业的驱动力。维斯塔斯的核心业务包括研发，制造，销售，维护风力发电系统，主要产品是风力发电机。,维斯塔斯风力技术（中国）有限公司,上海电气风电集团股份有限公司
4,长风新能源,未融资,2008-04-11,南京市,长风新能源是一家风力发电机生产商，主要经营范围为：兆瓦级风力发电机、大中型交流电动机的科技开发、生产、销售、服务，公司的主要产品为双馈异步风力发电机、永磁直驱风力发电机、半直驱紧凑型3MW风力发电机及交流电动机产品等。,南京汽轮电机长风新能源股份有限公司,上海电气风电集团股份有限公司
5,运达股份,定向增发,2001-11-30,杭州市,运达股份专业从事风力发电机组技术研究、产品研发，现主营大型并网型风力发电机组设计、生产和销售以及风电场运行维护、技术改造，备品备件的供应，并提供风力发电工程的风场规划、技术咨询、设计和施工等服务。,运达能源科技集团股份有限公司,上海电气风电集团股份有限公司
6,明阳智能,定向增发,2006-06-02,中山市,明阳智慧能源集团股份公司是中国非国有（或国资控股）的风机制造商，致力于兆瓦级风机的设计、制造、销售及服务。主营业务包括新能源高端装备、兆瓦级风机及核心部件的开发设计、产品制造、运维服务、新能源投资运营。,明阳智慧能源集团股份公司,上海电气风电集团股份有限公司
7,金风科创,股权转让,2006-02-13,北京市,金风科创成立于2006年，总部位于北京市，是一家风力发电机组整机制造商，专注于从事直驱永磁技术的研发与应用，旗下风电机组主要应用于智能电网、分布式发电、风能海水淡化、风光互补等领域，此外，还提供风电投资咨询、项目建设、运行维护等相关服务。,北京金风科创风电设备有限公司,上海电气风电集团股份有限公司
8,东方风电,未融资,2015-03-27,德阳市,东方风电成立于2015年3月，是东方电气集团整合旗下经历10余年发展的风电业务资源，组建成立的一家风电产业一体化专业公司。东方风电具备直驱、双馈两种主流技术路线风力发电机组及其配套叶片、发电机、电控系统等核心部件研发制造能力，产品涵盖1.5MW—5.5SMW系列陆上和5.0MW—10MW系列海上风力发电机组。产品批量出口瑞典、俄罗斯、芬兰、埃塞俄比亚、古巴、厄瓜多尔、越南等多个国家，已为国内外用户提供各型风力发电机组10000余台。,东方电气风电股份有限公司,上海电气风电集团股份有限公司
9,湘电风能,未融资,2006-06-09,湘潭市,湘电风能有限公司（湘电风能）是湘电集团旗下专业从事大型风力发电装备制造企业。湘电风能有限公司主要从事兆瓦级风力发电机组整机和部件的设计、制造、销售和售后服务。,湖南兴蓝风电有限公司,上海电气风电集团股份有限公司
10,远景能源,B轮,2008-03-19,无锡市,"远景能源是一家风能发电机供应商，致力于通过智能控制技术、先进的通信和信息技术建设能源互联网，推动传统能源领域的智慧变革。远景的“格林威治”云平台、智慧风场Wind OS平台、阿波罗光伏云平台目前管理着包括北美、欧洲、中国等在内的超过1,300万千瓦的全球新能源资产。",远景能源有限公司,上海电气风电集团股份有限公司
11,航天特谱,A轮,2011-10-11,苏州市,航天特谱主要从事大型并网型发电机组的研制开发与生产制造，利用全球风电产业的技术和人力资源，结合中国市场实际需求，依靠本地化制造资源和服务网络，致力于大型风力发电机及其零部件的国产化。,苏州航天特谱清洁能源有限公司,上海电气风电集团股份有限公司
12,华风风电,A轮,2007-12-06,苏州市,华风风电拥有国内、外先进的技术优势，并拥有雄厚的资金实力，是专业从事风力发电设备及配件制造的厂商，从业人员有多年的管理经验和国际先进的管理模式，并在多年的从业过程中不断探索，掌握了风能发电业的尖端的管理技术。以华风风电总经理为首的管理人员、技术人员拥有丰富的实践经验，有多年国内外工作经历，对于挑战经济全球化，参与国际国内竞争，尽快发展及强化核心竞争力，有着十分的优势和能力。,昆山华风风电科技有限公司,上海电气风电集团股份有限公司
13,天顺风能,定向增发,2005-01-18,苏州市,天顺风能是一家生产及销售风电设备的企业，公司的主要产品为风塔和风塔零部件，公司拥有太仓新区工厂、包头工厂、太仓港区海上风塔工厂、珠海工厂和欧洲工厂五大生产基地，专业从事兆瓦级大功率风力发电塔架及其相关产品的生产、销售。,天顺风能（苏州）股份有限公司,上海电气风电集团股份有限公司
14,国电联合,股权转让,1994-12-13,北京市,国电联合成立于1994年，总部位于北京，是一家专门从事风电设备研发、设计、制造及销售大型陆地、海上和潮间带风电机组的技术企业。,国电联合动力技术有限公司,上海电气风电集团股份有限公司
15,上海致远,定向增发,2006-06-20,上海市,上海致远是一家中小型风力发电机研发商，公司产品包括风力发电机组、控制器及逆变器等，同时还为商业发电、微电网、离网及通信等领域提供风力发电系统的相关技术支持以及整体解决方案服务。,上海致远绿色能源股份有限公司,上海电气风电集团股份有限公司
16,金杰新能源,未融资,2010-04-08,包头市,金杰新能源成立于2010年，主营业务包括风电设备研发、生产；风力发电控制系统制造等。,金杰新能源股份有限公司,上海电气风电集团股份有限公司
17,京城新能源,天使轮,2010-08-03,北京市,京城新能源是一家风电机组研发商，致力于大型风力发电机组及关键部件设计、制造和风力发电场投资、建设、运营、服务以及风力发电机、大型电动机的设计、制造、服务。,北京京城新能源有限公司,上海电气风电集团股份有限公司
18,上风风能,并购,2007-02-05,绍兴市,上风风能是2007年在绍兴市上虞区成立的，主要从事风能设备研制，以及通风机、风冷、水冷、空调、环保等设备研制、开发、制造、销售等业务。,浙江上风风能有限公司,上海电气风电集团股份有限公司
19,敏深风电,未融资,2000-11-15,青岛市,敏深风电是一家中小型风力发电设备研产商，生产中小型风力发电设备、永磁无铁芯电机、风电并网控制系统和高低压配电控制系统。,青岛敏深风电科技有限公司,上海电气风电集团股份有限公司
20,中船海装,并购,2004-01-09,重庆市,中船海装风电有限公司（以下简称“中船海装”）成立于2004年1月9日，隶属于中国船舶集团有限公司旗下中船科技股份有限公司，是国家海上风力发电工程技术研究中心平台建设单位，是专业从事风电装备系统集成设计及制造、风电场运维服务的技术企业。,中船海装风电有限公司,上海电气风电集团股份有限公司
1,中科慧灵,天使+轮,2023-08-30,北京市,中科慧灵成立于2023年8月，位于北京市，是一家人形机器人研发商，致力于研发面向场景落地的通用人形机器人和具身智能产品。专注于创造出能够替代人类执行高风险、高强度以及单调重复工作的人形机器人与具身智能产品，从而改善人类工作者的工作环境，并让人们有更多精力投入到更具创造性和更高价值的活动中。,北京中科慧灵机器人技术有限公司,智元创新(上海)科技股份有限公司
2,众擎机器人,B+轮,2023-10-07,深圳市,众擎机器人成立于2023年，专注于通用智能机器人及行业场景方案，包括人形机器人和其它相关产品的研发生产，公司产品面向科研教育、工业制造、商业服务、家庭等多种场景，致力于推动人形机器人技术在全球范围的商业化落地。,深圳众擎机器人科技股份有限公司,智元创新(上海)科技股份有限公司
3,矩阵超智,天使轮,2024-04-24,上海市,矩阵超智是一家机器人研发商，其MATRIX-1人形机器人，以人形机器人“脑—体协同”智能操作系统、全身动态响应运动控制、全栈自研三大核心技术，定义人形机器人行业新标杆。,上海矩阵超智系统集成有限公司,智元创新(上海)科技股份有限公司
4,加速进化,A+轮,2023-06-20,北京市,加速进化成立于2023年，是一个人形机器人研发商，致力于研发更富有行动能力的人形机器人本体和易于开发的运控开发平台，公司是国内为数不多能正向设计人形机器人本体的团队，拥有行业稀缺的专注在双足或人形领域的研发经验，团队成员在运控算法、人形本体上有着丰富的经验积累。,北京加速进化科技有限公司,智元创新(上海)科技股份有限公司
5,魔法原子,A轮,2024-12-05,无锡市,魔法原子成立于2024年，专注于通用机器人和具身智能技术研发与落地应用，产品涵盖通用人形机器人与四足机器人，覆盖工业、商业及家庭等多元场景。团队超过80%为研发人员，长期深耕机器人本体、人工智能算法等核心技术，同时具备丰富的工程化与量产经验。,魔法工场（无锡）科技有限公司,智元创新(上海)科技股份有限公司
6,星尘智能,B轮,2022-12-05,深圳市,星尘智能成立于2022年，致力于人形机器人研发，推动人机共存、共创、共赢的愿景。公司专注研发“新一代最强AI机器人助理”，能像人一样学习、思考和劳动，与人流畅智能交互，会使用人的工具和设备、帮人完成枯燥、困难或危险的任务，不断拓展应用场景边界，实现泛场景通用操作能力，引领“AI+机器人”技术革新。,星尘智能（深圳）人工智能科技股份有限公司,智元创新(上海)科技股份有限公司
7,北京人形机器人,A轮,2023-11-02,北京市,北京人形机器人于2023年11月成立，是具身智能软硬件全栈科技公司，聚焦于具身智能机器人核心技术、产品研发和应用落地，汇聚全球顶尖人才，围绕通用机器人平台“具身天工”和通用具身智能平台“慧思开物”两大核心任务开展攻坚，致力于打造具有全球影响力的具身智能创新策源地和应用示范高地。,北京人形机器人创新中心有限公司,智元创新(上海)科技股份有限公司
8,星动纪元,A+轮,2023-08-04,北京市,星动纪元成立于2023年，是一个通用人形机器人研发商，聚焦于通用人工智能（AGI）前沿应用，致力于研发适应宽领域、多情景、高智能的通用人形机器人，努力实现智能机器人走进千家万户。,北京星动纪元科技股份有限公司,智元创新(上海)科技股份有限公司
9,非夕机器人,C轮,2016-11-17,上海市,非夕机器人是一家AI机器人公司，专注于研发、生产集高精度力控、计算机视觉和人工智能技术于一体的自适应式机器人产品，为不同行业的客户提供基于非夕机器人系统的整体、创新性的解决方案和服务。,上海非夕机器人科技有限公司,智元创新(上海)科技股份有限公司
10,智在无界,种子轮,2025-01-21,北京市,智在无界成立于2025年，是一家通用具身智能及机器人研发商，发布了面向人形机器人的通用智能体Being-0，提出模块化的端到端架构，将具身大模型与人形机器人的运动、导航、灵巧操作无缝集成，使机器人能够像人类一样进行复杂推理，在物理世界中穿梭，并自主完成长程任务。,北京智在无界科技有限公司,智元创新(上海)科技股份有限公司
11,乐聚机器人,股权转让,2016-03-24,深圳市,乐聚机器人是一家专注机器人关键共性技术研究、智能机器人产品研发和生产的高科技企业。专注于机器人在科研教育、智慧医疗、重型运载、智能家居、工业制造等多元场景下的落地应用。,乐聚智能（深圳）股份有限公司,智元创新(上海)科技股份有限公司
12,优必选,定向增发,2012-03-31,深圳市,优必选是一家人形机器人高科技企业，集研发、平台软件开发运营及产品销售为一体；从机器人的核心组件舵机、传感器开始，到消费级智能人形机器人Alpha，致力于打造一个全球的人形机器人平台。,深圳市优必选科技股份有限公司,智元创新(上海)科技股份有限公司
13,灵生科技,Pre-A轮,2023-02-14,北京市,灵生科技成立于2023年，基于自创的多模态感知融合、决策和执行一体化系统，构建新一代人形和具身智能机器人通用类脑。其中云-边-端一体化类脑（Ling Cybrain）是其在机器人具身智能领域的核心竞争力。,北京灵生科技有限公司,智元创新(上海)科技股份有限公司
14,银河通用机器人,A+轮,2023-05-19,北京市,银河通用机器人成立于2023年5月，是一家专注于具身多模态大模型通用机器人研发商。致力于为全球用户提供智能机器人产品，服务于人类社会，并已率先在商业、工业、医疗等场景中广为应用。,北京银河通用机器人股份有限公司,智元创新(上海)科技股份有限公司
15,深朴智能,Pre-A轮,2024-10-18,北京市,深朴智能成立于2024年，是一家通用具身智能机器人领域新锐企业，组建了一支源自全球知名AI与机器人企业、拥有丰富技术研发及量产经验的团队。核心成员覆盖前沿模型算法、数据闭环系统、软件技术架构、复杂电子电气、创新品类定义及产品商业落地等全业务环节，保障技术到产品到商品的有效闭环。,北京深朴智能科技有限公司,智元创新(上海)科技股份有限公司
16,行思无界,股权转让,2024-04-28,杭州市,行思无界成立于2024年，是一家专注于人形机器人领域技术与场景突破，致力于打造高质价比的通用具身智能本体的科技创新企业。,杭州行思无界科技有限公司,智元创新(上海)科技股份有限公司
17,动易科技,天使+轮,2024-06-25,广州市,动易科技成立于2024年，致力于创造一款为AI而生的通用人形机器人的公司，通过先进的人工智能技术和机器人工程学，打造出能够与人类建立深度互动的智能体，为人类生活带来更智能、更便捷的体验。,广州动远易行人工智能科技有限公司,智元创新(上海)科技股份有限公司
18,智平方,B轮,2023-04-17,深圳市,智平方成立于2023年4月，是一家RoboService公司，通过研发生产通用智能具身终端，为千行百业、千家万户提供全场景、高可靠的服务。 智平方持续推出多项创新技术，包括通用空间感知技术、大模型场景化技术、端到端VLA大模型等。通过软硬整合，智平方率先推出了市场影响深远的新产品：通用智能机器人Alpha Bot。,智平方（深圳）科技股份有限公司,智元创新(上海)科技股份有限公司
19,松延动力,B轮,2023-09-15,北京市,松延动力成立于2023年，专注于人形机器人研发与制造的科技公司，公司致力于通用人工智能本体，机器人仿生，以及具身操作系统等多个方向的研发。,北京松延动力科技集团股份有限公司,智元创新(上海)科技股份有限公司
20,大咖机器人,A轮,2025-05-16,北京市,大咖机器人成立于2025年，致力于超负载具身智能人形/四足机器人本体及人类级别全自由度灵巧操作小脑系统的自主研发。,大咖机器人（北京）有限公司,智元创新(上海)科技股份有限公司
1,微元合成,A+轮,2021-12-08,北京市,微元合成成立于2021年，是一家以合成生物技术为基础的生物制造公司，致力于使用低碳、节能和可持续的方式生产各类化合物，应用于医药、日化、农业、食品、饲料和材料等领域。,微元合成生物技术（北京）有限公司,柯泰亚生物科技(上海)有限公司
2,一兮生物,A轮,2019-09-17,苏州市,一兮生物是一家专注于合成生物学领的技术与产品研发公司，从自然存在的生命过程中获取灵感，利用合成生物学技术设计、构建基因代谢网络，应用于食品、药物、工业原料等的合成。,苏州一兮生物技术有限公司,柯泰亚生物科技(上海)有限公司
3,迪诺薇华,天使轮,2023-08-15,南京市,迪诺薇华是一家合成生物研发商，聚焦合成生物学、绿色生物智造，专注功能性蛋白及重组多肽类活性原料开发。,南京迪诺薇华生物科技有限公司,柯泰亚生物科技(上海)有限公司
4,百开盛生物,A轮,2022-03-16,上海市,百开盛生物是一家合成生物学解决方案提供商，公司主要创建“酶与生物催化”、“细胞工厂与生物合成”及“产品工程”三大技术平台，致力于相关产品绿色生物制造的研发与应用，产品面向医药、食品、化妆品、农业、生物基化学品等应用领域。,百开盛（上海）生物科技有限公司,柯泰亚生物科技(上海)有限公司
5,华恒生物,股权转让,2005-04-13,合肥市,华恒生物成立于2005年，是一家以合成生物为核心的技术企业，专注绿色科技创新和绿色价值创造，主要产品包括氨基酸、维生素和生物基材料单体等，为中间体、动物营养、日化护理、植物营养和功能食品与营养等领域的全球伙伴，提供具有创新力、可持续的产品和解决方案。,安徽华恒生物科技股份有限公司,柯泰亚生物科技(上海)有限公司
6,合曜生物,天使轮,2022-01-20,南京市,合曜生物成立于2022年，是一家合成生物学技术研发应用服务商，以“为实现人类可持续发展的美好生活”为理念，以生物合成技术为核心，致力于运用科学技术开发颠覆性的绿色生物制造工艺，生产创新可持续的生物基产品，同时为产业链升级提供合成生物学领域的解决方案。,合曜生物科技（南京）有限公司,柯泰亚生物科技(上海)有限公司
7,亿懿兴华,A轮,2019-05-15,湖州市,亿懿兴华成立于2019年，是以合成生物技术为核心，集设计、研发、制造和销售为一体的创新科技企业，通过可持续的生物合成智造方式，为全球医药、医疗、食品、农业、饲料和材料等领域的客户提供新型生物基产品与创新的解决方案。,亿懿兴华（浙江）生物科技有限公司,柯泰亚生物科技(上海)有限公司
8,裕元生物,股权转让,2023-02-20,杭州市,裕元生物是一家专注生物基原料创新制造与商业化交付的合成生物学公司，基于自有的菌株设计与工艺开发平台，实现了绿色生物基分子的产业化生产，应用于日化医美、油田驱油、土壤修复、健康代糖、食品营养品、医药纳米制剂等不同领域。,杭州裕元生物科技有限公司,柯泰亚生物科技(上海)有限公司
9,贻如生物,A轮,2021-12-16,杭州市,贻如科技成立于2021年，以合成生物学为底层技术，创造以生物基皮革为代表的新一代创新生物基材料——通过微生物发酵直接生产生物基树脂原料，经加工后制成皮革成品，实现碳排放降低80%以上、部分产品生产成本甚至低于传统油性PU产品、物理性能（耐磨、透气、柔韧）对标真皮水准，由此让大众消费品所需的高性能材料从石油基走向生物基。,贻如科技（杭州）有限公司,柯泰亚生物科技(上海)有限公司
10,经海纬象,B轮,2020-11-11,上海市,经海纬象成立于2020年11月，总部位于上海市，致力于通过生物技术构建低碳、环保、可持续的绿色产业链，利用前沿的新一代合成生物技术建设超级细胞工厂，进行“合成材料+产业化应用”双矩阵发展，实现“生物质-乳酸-丙交酯-PLA-制品-rPLA回收”的全产业链覆盖，产品应用端已成功研发了以PLA（聚乳酸）为代表的一系列生物基材料，广泛适用于快消日化、食品饮料、农业、零售业、纺织纤维、生物医药、汽车制造等领域。,上海经海纬象生物材料有限公司,柯泰亚生物科技(上海)有限公司
11,正扬生物,天使轮,2021-01-14,南京市,正扬生物致力于用合成生物技术，改变人类生产生活的方式。致力于提供高质量的分子诊断产品，生物医药原料，各类试剂，高附加值的生物制品，以及合成生物学整体解决方案。,南京正扬生物科技有限公司,柯泰亚生物科技(上海)有限公司
12,睿嘉康,B轮,2021-08-02,武汉市,睿嘉康于2021年8月在湖北武汉成立，是一家拥有独立自主知识产权、专注于绿色合成生物制造领域的合成生物学高科技公司，主要针对非粮大宗醇和有机酸等管线的生物燃料与生物材料厌氧发酵生产进行布局，致力成为大宗醇酸非粮合成生物制造引领者。,武汉睿嘉康生物科技有限公司,柯泰亚生物科技(上海)有限公司
13,巨微生物,A+轮,2024-05-16,广州市,巨微生物成立于2024年，主要以生物活性为切入方向，专注于开发符合市场化需求的创新产品，提供功能性创新原料解决方案，应用场景包括美妆日化、功能性食品、医美医药等领域。,广州巨微生物技术有限公司,柯泰亚生物科技(上海)有限公司
14,虹摹生物,A轮,2022-02-21,上海市,虹摹生物是中国本土母乳低聚糖HMO自主研发及产业化的领跑者，也是合成生物学领域的创新者。提供专业的合成生物创新、富有洞察力的产品解决方案。,虹摹生物科技（上海）有限公司,柯泰亚生物科技(上海)有限公司
15,云洛生物,A轮,2020-06-19,上海市,云洛生物以合成生物学为核心，专注于酶的基因挖掘、酶的定向改造、细胞工厂构建、生物发酵和酶催化等绿色高新技术的研发并将其应用于天然香料、高端化妆品原料、医药中间体、生物酶制剂等领域。,上海云洛生物技术有限公司,柯泰亚生物科技(上海)有限公司
16,欣贝莱,A轮,2017-03-31,杭州市,欣贝莱成立于2017年，是一家合成生物学技术服务商，以合成生物学技术和大数据分析技术为基础，通过细胞工厂制造出高纯度、低成本、低污染的高附加值药物和大宗化工原料，在工业、医药原料市场开拓出一条绿色制造研发的产业链，在实现巨大经济价值的同时，也能更好地实现环境友好和保护。,杭州欣贝莱生物科技有限公司,柯泰亚生物科技(上海)有限公司
17,基茵达,股权转让,2021-11-02,北京市,基茵达成立于2021年，是一家以合成生物学技术为核心，从事绿色天然产物和高附加值化学品的研发、生产与销售一体化的创新型生物技术企业。深入挖掘合成生物原料在食品、营养、日化护理、饲料和农化板块等的应用的潜力并提供充分验证。,基茵达生物技术（北京）有限公司,柯泰亚生物科技(上海)有限公司
18,和晨生物,A轮,2022-05-07,合肥市,和晨生物成立于2022年，是一家专注于功能活性原料研发及产业化的合成生物学企业，致力于通过高效微生物细胞工厂的构建与优化，实现功能营养成分、生物活性成分等关键功能活性原料的规模生产与绿色制造。,合肥和晨生物科技有限公司,柯泰亚生物科技(上海)有限公司
19,Antheia,C轮,-,-,Antheia是新一代医药原料生产商，致力于终结药品短缺问题。公司依托先进的生物合成和发酵技术，打造了高效的生物制造平台，能够快速、灵活且按需生产对公共卫生至关重要的关键起始材料 (KSM) 和原料药 (API)。,-,柯泰亚生物科技(上海)有限公司
20,苏州华赛生物,A轮,2014-09-04,苏州市,华赛生物是一家合成生物产品供应商，建立合成生物学和代谢工程平台，产品覆盖于香精香料、保健品和营养品、原料和中间体、饲料添加剂和材料单体，为用户提供胞苷、胞磷胆碱钠、胞嘧啶等产品。,苏州华赛生物工程技术有限公司,柯泰亚生物科技(上海)有限公司
1,生研生物,A轮,2016-06-28,嘉兴市,生研生物成立于2016年，是一家创新型的细胞药物研发和生产商，致力打造国际免疫细胞治疗技术平台，为多发性骨髓瘤、肺癌、胰腺癌等病人提供安全有效、经济的细胞药物;将推进CAR-T免疫细胞药物的临床试验和产业化，探索肿瘤治疗方面的无限可能。,浙江生研生物科技有限公司,星奕昂(上海)生物科技有限公司
2,卡提医学,A+轮,2017-07-05,南京市,卡提医学是一家专注于免疫细胞治疗新技术研发与应用的高科技公司，拥有创新型CAR结构设计、病毒及细胞培养等高壁垒的技术平台。,南京卡提医学科技有限公司,星奕昂(上海)生物科技有限公司
3,原启生物,Pre-IPO,2015-02-04,上海市,原启生物成立于2015年，以开发创新型、有临床价值的细胞药物为长期发展战略，依托自主构建的协同增效创新型产品研发技术平台，聚焦全球肝癌、骨髓瘤、卵巢癌、胃癌、宫颈癌、非小细胞肺癌等未被满足的临床治疗需求，致力于为全球未被满足的临床需求开发效价可及反应持久且具有实际意义的细胞药物。,原启生物科技（上海）有限责任公司,星奕昂(上海)生物科技有限公司
4,源正细胞,未融资,2013-07-11,深圳市,源正细胞是一家细胞治疗技术研发商，主要从事细胞治疗技术研究开发和技术服务，主要开展抗肿瘤、抗病毒、抗衰老等各类免疫细胞治疗技术和以细胞为载体的基因治疗技术的研究推广。,深圳源正细胞医疗技术有限公司,星奕昂(上海)生物科技有限公司
5,因诺免疫,股权转让,2016-07-08,深圳市,因诺免疫是一家细胞免疫治疗技术研发商，基于基因工程等技术，研发包括肿瘤浸润淋巴细胞(TIL)疗法、嵌合抗原受体转导T(CAR-T)细胞疗法、T细胞受体转导T(TCR-T)细胞疗法等治疗方案，为肿瘤免疫治疗领域提供新方案。,深圳因诺免疫有限公司,星奕昂(上海)生物科技有限公司
6,翊博普惠,股权转让,2017-11-06,北京市,翊博普惠是一家从事免疫细胞基础研究和临床应用的企业，专注于免疫细胞抗癌、抗病毒研发。公司依托自有CelArtics®-DC技术平台，研制出活性极优的Tαβ细胞、Tγδ细胞、NK细胞等免疫效应细胞，以上细胞在肿瘤及病毒治疗中具有重要作用。,北京翊博普惠生物科技发展有限公司,星奕昂(上海)生物科技有限公司
7,乾境生物,B轮,2019-08-30,北京市,乾境生物成立于2019年，致力于以免疫细胞治疗为核心的细胞疗法研究和药物临床开发，通过细胞技术研发平台、药物研发平台、细胞自动化制备技术开发平台提供干细胞技术、免疫细胞技术基因工程技术等生物医学技术服务，守护人类的生命与健康。,乾境生物技术有限公司,星奕昂(上海)生物科技有限公司
8,尚泰生物,A轮,2012-11-20,上海市,尚泰生物成立于2012年，总部位于上海市，专注自体细胞治疗与存储技术，提供肿瘤个体化细胞免疫治疗、化疗药敏测试服务，应用于肿瘤医疗领域。,上海尚泰生物技术有限公司,星奕昂(上海)生物科技有限公司
9,沙砾生物,C轮,2019-11-26,北京市,沙砾生物成立于2019年，是一家专注于肿瘤免疫细胞治疗，以肿瘤浸润淋巴细胞（ “TIL”）药物为代表研发管线的创新型医药公司，拥有国际先进的技术储备和产业资源，旨在打造开创性的实体瘤细胞药物，为广大肿瘤病患带来新的希望。,北京沙砾生物医药股份有限公司,星奕昂(上海)生物科技有限公司
10,深圳再生,A轮,2016-01-13,深圳市,深圳再生汇汇聚临床医学、基因与遗传学、细胞生物学等多学科技术人才，细胞库标准建设，研发干细胞及其衍生物临床转化、免疫细胞在肿瘤方面的药物研究，承担省市级多项科技项目，获得发明专利十余项。,深圳再生细胞生物科技有限公司,星奕昂(上海)生物科技有限公司
11,博致生物,A+轮,2019-08-06,上海市,博致生物创立于2019年，由蛋白质工程和肿瘤免疫领域的顶尖专家团队组建，致力于开发新一代细胞因子抗肿瘤免疫疗法。公司自主研发了”Crossover”前药技术平台，能实现细胞因子在肿瘤微环境中特异性释放，有效解决了细胞因子的外周毒性问题。依托该平台技术，公司成功开发了临床候选药物PTX-912，已经启动美国1期临床试验。,博致生物科技（上海）有限公司,星奕昂(上海)生物科技有限公司
12,合一康,定向增发,2010-11-29,深圳市,合一康是一家肿瘤生物免疫细胞与基因技术研发服务商，自主研发的微环DNA载体技术是一种利用基因工程手段去除传统质粒（plasmid）的骨架（bac=kbone）DNA，仅保留其表达框（expression cassette）而形成的一种小环超螺旋（supercoiled）DNA载体（MC-DNA），用于T细胞克隆筛选和T细胞基因改造。,深圳市合一康生物科技股份有限公司,星奕昂(上海)生物科技有限公司
13,隆耀生物,天使轮,2013-09-16,上海市,隆耀生物致力于肿瘤免疫细胞技术及产品研发、产品技术转化、产品注册申报，是以研发及产品开发为主的国家高新科技企业，产品覆盖血液瘤、实体瘤等领域。,上海隆耀生物科技有限公司,星奕昂(上海)生物科技有限公司
14,Alloplex Biotherapeutics,A轮,2016-01-01,-,Alloplex Biotherapeutics是一家细胞治疗公司，成立于2016年，开发了一种高度分化、非工程化、与肿瘤无关的细胞治疗平台，具有广泛的抗肿瘤活性。临床前体外和动物模型数据表明，该平台适用于多种肿瘤类型。,-,星奕昂(上海)生物科技有限公司
15,华赛生物,未融资,2013-03-05,武汉市,华赛生物是一家专业致力于生物医药技术研究与应用的技术企业，拥有“免疫细胞临床应用、干细胞研究及应用”两大核心技术体系，业务包括免疫细胞治疗、干细胞应用、临床级细胞生产相关试剂、细胞移植优化及相关衍生产品的研发、生产、技术转让以及产品销售。华赛由留美归国的专家学者团队创办。,湖北华赛生物医药技术有限公司,星奕昂(上海)生物科技有限公司
16,康爱生物,股权融资,2012-09-10,嘉兴市,康爱生物是一家细胞治疗药物研发与商业化服务商，公司主要从事增强型CIK等各类型免疫细胞技术培养、各类细胞因子、各类免疫细胞处理试剂盒相关产品、高端个体化保健服务等业务。,康爱瑞浩生物医药（浙江）股份有限公司,星奕昂(上海)生物科技有限公司
17,五康生物,未融资,2011-04-20,北京市,五康生物是一家肿瘤细胞生物治疗研发商，拥有分子生物学、细胞免疫学及蛋白质发酵纯化等技术平台，致力于研发免疫细胞培养、肿瘤相关抗原、新型肿瘤疫苗、抗体制备及免疫细胞活性检测等技术与产品。,北京五康新兴科技有限公司,星奕昂(上海)生物科技有限公司
18,生创科技,股权转让,2015-06-30,杭州市,生创科技成立于2015年，总部位于杭州，是一家。业务包括：干细胞药物研发、“生命银行”细胞储存服务、免疫细胞治疗新技术开发与服务、难治性疾病管理和抗衰老产品开发。,浙江生创精准医疗科技有限公司,星奕昂(上海)生物科技有限公司
19,丹晖生物,未融资,2015-12-24,杭州市,丹晖生物是专业从事细胞生物治疗研发和临床转化为一体的高科技型企业，公司汇集国内外尖端生命科学技术，专注于肿瘤生物治疗技术的研发与临床转化。公司建立有国际标准化的GMP生物中心实验室，构筑了集研发，生产，转化为一体的高科技高新企业。,浙江丹晖生物科技有限公司,星奕昂(上海)生物科技有限公司
20,博生吉,B+轮,2010-05-31,苏州市,博生吉是一家肿瘤细胞免疫治疗技术及产品研发商，以肿瘤细胞免疫治疗技术与产品研发为主要发展目标，以临床技术服务为主要业务，研发范围包括癌症诊断试剂盒、抗癌药物、生物医药制品，致力于CAR-T/CAR-NK实体肿瘤/T细胞淋巴瘤临床治疗和细胞免疫治疗产业化。,博生吉医药科技（苏州）有限公司,星奕昂(上海)生物科技有限公司
1,门罗生物,股权转让,2016-03-29,北京市,门罗生物是一家以研发下一代细胞治疗药物为主的生物科技公司，公司致力于血液肿瘤、实体瘤和自身免疫性疾病的治疗。公司拥有斯坦福大学独家授权的相关技术专利，利用专有的两大平台技术：HF-CRISPR基因编辑技术以及通用型免疫细胞治疗技术，研发新型的细胞治疗产品。,北京门罗生物科技有限公司,上海跃赛生物科技有限公司
2,泽辉生物,B+轮,2017-12-26,苏州市,泽辉生物是一家创新型临床医药研发企业，致力于开发干细胞药物等新一代医疗健康产品。着眼于目前传统药物和治疗手段无法满足的人类医疗需求，如神经退行性病变、代谢性疾病、生殖机能退化等，开发拥有自主知识产权的干细胞药品，推动干细胞临床应用和产业转化。,苏州泽辉生物科技有限公司,上海跃赛生物科技有限公司
3,佰鸿医学,A轮,2014-12-22,东莞市,佰鸿医学成立于2014年，是一家从事细胞治疗技术开发、干细胞功能研究、组织修复技术开发的高新技术产业公司。公司采用产、学、研联合开发，自主创新的运作模式，秉承以市场为导向，以产品为根本，以技术为核心，以资本为纽带，以人才为动力的发展思路，致力于成为国内外细胞治疗技术的重要研发者与技术服务企业。,广东佰鸿干细胞再生医学有限公司,上海跃赛生物科技有限公司
4,拓华生物,A+轮,2010-12-31,四平市,拓华生物是一家细胞医疗技术研发商，专业从事干细胞基础研究、临床应用研究及干细胞技术服务，致力于成体干细胞的体外分离、培养、扩增、诱导、分化及鉴定的研究，以及各种干细胞工程产品的研究、开发及干细胞相关的药物筛选平台建设。,吉林省拓华生物科技有限公司,上海跃赛生物科技有限公司
5,康赛生物,未融资,2017-09-20,重庆市,康赛生物专职从事干细胞-再生医学、干细胞-免疫治疗学和免疫细胞-肿瘤治疗学相关的基础研究，细胞生物治疗新技术和新药研发、产品临床转化以及相关领域新技术的引进与服务咨询。,重庆康赛生物科技有限公司,上海跃赛生物科技有限公司
6,中观生物,股权融资,2016-04-21,贵阳市,中观生物是一家细胞治疗研发商，从事干细胞治疗剂和免疫治疗的研发与应用，业务范围包括干细胞基础研究与临床应用研究、干细胞技术支持、免疫细胞和相关衍生产品的研究等。,贵州中观生物技术有限公司,上海跃赛生物科技有限公司
7,Gamida Cell,IPO,1998-08-01,-,Gamida Cell是一家干细胞治疗技术和产品研发企业，专注开发用于治疗血液癌、自身免疫和代谢疾病的干细胞治疗技术和产品。,Gamida Cell Ltd.,上海跃赛生物科技有限公司
8,深圳再生,A轮,2016-01-13,深圳市,深圳再生汇汇聚临床医学、基因与遗传学、细胞生物学等多学科技术人才，细胞库标准建设，研发干细胞及其衍生物临床转化、免疫细胞在肿瘤方面的药物研究，承担省市级多项科技项目，获得发明专利十余项。,深圳再生细胞生物科技有限公司,上海跃赛生物科技有限公司
9,源生医药,A轮,2009-12-21,广州市,广州源生医药科技有限公司一家聚焦于世界尖端干细胞科学的新药研发企业。公司将通过研发一批拥有自主知识产权的新型化学药物，填补国内在自主新药研发领域的空白。,广州源生医药科技有限公司,上海跃赛生物科技有限公司
10,赛贝生物,A轮,2013-05-27,北京市,赛贝生物是一家干细胞技术研发商，集体细胞分离提取、细胞重编程、基因编辑、干细胞定向分化等技术研发于一体，并为用户提供相关配套产品及技术服务，产品包括心肌细胞分化培养试剂、基因修饰工具和体细胞重编程试剂等。,北京赛贝生物技术有限公司,上海跃赛生物科技有限公司
11,原启生物,Pre-IPO,2015-02-04,上海市,原启生物成立于2015年，以开发创新型、有临床价值的细胞药物为长期发展战略，依托自主构建的协同增效创新型产品研发技术平台，聚焦全球肝癌、骨髓瘤、卵巢癌、胃癌、宫颈癌、非小细胞肺癌等未被满足的临床治疗需求，致力于为全球未被满足的临床需求开发效价可及反应持久且具有实际意义的细胞药物。,原启生物科技（上海）有限责任公司,上海跃赛生物科技有限公司
12,乾境生物,B轮,2019-08-30,北京市,乾境生物成立于2019年，致力于以免疫细胞治疗为核心的细胞疗法研究和药物临床开发，通过细胞技术研发平台、药物研发平台、细胞自动化制备技术开发平台提供干细胞技术、免疫细胞技术基因工程技术等生物医学技术服务，守护人类的生命与健康。,乾境生物技术有限公司,上海跃赛生物科技有限公司
13,博品生物,股权融资,2018-09-19,上海市,博品生物是一个紧密围绕干细胞基础理论研究、干细胞制药及临床应用进行产品和技术研发，秉承规范化、标准化、科学化、国际化原则，打造以科技创新为核心驱动力的卓越出众生物制药公司和干细胞产业集群。,博品（上海）生物医药科技有限公司,上海跃赛生物科技有限公司
14,呈诺医学,未融资,2010-09-16,北京市,呈诺医学致力于细胞和基因技术研究和临床转化，为临床提供创新的细胞治疗和基因检测产品，为广大客户群体提供高效、安全的个人干细胞存储业务和多种干细胞、免疫细胞应用业务。,北京呈诺医学科技有限公司,上海跃赛生物科技有限公司
15,亘喜生物,并购,2017-05-22,上海市,亘喜生物是一家提供基于细胞的治疗研发和服务的平台，通过自有技术解决现在CAR-T细胞治疗所面临的高成本、无法即用、对实体瘤无效以及无法实时监控患者体内CAR蛋白表达来预防副作用等挑战，以大大增加其CAR-T的实用性和市场潜力。,亘喜生物科技（上海）有限公司,上海跃赛生物科技有限公司
16,泉眼生物,未融资,2016-05-11,上海市,上海泉眼生物科技有限公司是一家专注于干细胞的研发和临床转化应用尤其是干细胞的存储、临床疾病治疗及干细胞技术深度开发的生物高科技公司。公司以“精于道，业于勤，源于泉”的文化主旨为坚持，“再生医学----服务大众健康”的企业理念为目标，为再生医学提供优质高效的技术服务和持续创新的细胞治疗产品。,上海泉眼生物科技有限公司,上海跃赛生物科技有限公司
17,源正细胞,未融资,2013-07-11,深圳市,源正细胞是一家细胞治疗技术研发商，主要从事细胞治疗技术研究开发和技术服务，主要开展抗肿瘤、抗病毒、抗衰老等各类免疫细胞治疗技术和以细胞为载体的基因治疗技术的研究推广。,深圳源正细胞医疗技术有限公司,上海跃赛生物科技有限公司
18,上海国联干细胞,B轮,2009-12-17,上海市,上海国联干细胞是一个干细胞研发平台，主要从事干细胞基础研究、临床应用研究、产品开发、产品生产等，该公司拥有一系列自主知识产权的iCELLTM干细胞产品，为国内外医院及患者、健康服务机构及亚健康用户提供干细胞系列产品以及干细胞技术服务。,上海国联干细胞技术有限公司,上海跃赛生物科技有限公司
19,京蒙干细胞,未融资,2009-08-13,北京市,京蒙干细胞是一家专注于干细胞及免疫细胞的技术研发服务商，公司致力于人体细胞治疗的基础理论研究、应用技术的研发与产业化，提供专业的细胞技术服务及相关医疗保健生物产品，开展干细胞技术产业化相关研究的国家技术企业，拥有临床检测、技术转化中心、中试车间三大技术平台。,北京京蒙高科干细胞技术有限公司,上海跃赛生物科技有限公司
20,顺昊生物,未融资,2011-11-02,天津市,顺昊生物是一家干细胞治疗药物研发及相关服务提供商，致力于胎盘、子宫内膜、月经血、脂肪等来源的干细胞治疗性应用研究和相关药品的开发，业务还涉及抗体药物研发、基因检测和细胞储存服务等领域。,顺昊细胞生物技术（天津）股份有限公司,上海跃赛生物科技有限公司
1,寰信驿联,Pre-A轮,2023-01-31,上海市,寰信驿联成立于2023年，专注于航天激光通信产品的研发、生产与销售，其核心产品宇航级光纤放大器与窄线宽激光器已适配于主流星载的激光终端厂家，公司研发团队由来自电科23所、电科50所、II-VI、nLight、航天科技等头部科技企业的核心人才聚合而成，在光纤通信、空间激光、电子信息等领域具有深厚的技术积累。,寰信驿联（上海）科技有限公司,蓝星光域(上海)航天科技有限公司
2,上光通信,股权转让,2020-11-11,上海市,上光通信成立于2020年，是一家新一代高速激光通信技术研发商，公司以卫星互联网的发展需求为核心，为客户提供高速、高可靠性、高性价比的激光通信终端产品，研发制订新一代激光通信的一体化解决方案。,上光通信技术（上海）有限公司,蓝星光域(上海)航天科技有限公司
3,比羿激光,Pre-A轮,2021-08-06,湖州市,比羿激光成立于2021年，致力于推动激光通信技术全面应用，为客户提供一站式、高效可靠的激光通信技术解决方案。公司产品包括星间激光通信终端、星地激光通信终端、空地激光通信终端、便携激光通信终端，现已形成完整的生产流程与质量管控体系；研发团队聚合了众多领域专家，立足于浙江大学、哈尔滨工业大学的优异人才与科研平台，专注激光通信产品成本控制、场景适用性优化。,比羿激光科技（湖州）有限公司,蓝星光域(上海)航天科技有限公司
4,捷元擎智能,天使+轮,2020-12-14,苏州市,捷元擎智能是一个激光加工设备制造商，聚焦于航天级卫星通信光纤激光器、移动激光加工设备等智能化设备，依靠卓越的研发能力，公司在光学、机械、电子、算法等领域形成强大的设计、研发能力，是将动态感知算法应用到卫星通信光纤激光器和移动激光加工领域的企业。,江苏捷元擎智能科技有限公司,蓝星光域(上海)航天科技有限公司
5,氦星光联,A+轮,2021-08-30,深圳市,氦星光联成立于2021年，是一家空间激光通信解决方案提供商和相关产品制造商，致力于开放式垂直产业链研发产品与低成本快速量产，公司完全掌握空间激光通信研发核心技术，主营产品面向卫星互联网、保密通信、应急通信、智慧+行业建设等各种空间激光通信应用场景，主要产品矩阵涵盖了高速光电器件、相机、振镜、光机系统、卫星激光通信载荷以及空间激光通信系统。,氦星光联科技（深圳）有限公司,蓝星光域(上海)航天科技有限公司
6,驭航光计,A轮,2023-02-23,无锡市,驭航光计成立于2023年2月，坐落在上海市，是一家集激光通讯设备研发、生产、销售，技术服务为一体的技术企业。致力于应用先进的通讯技术，以航空航天星-星、星-空、星-地等激光通信终端产品研发、测试，集成及技术服务为一体，实现无盲区实时接入宽带通讯系统及后续整体解决方案，为新一代星地互联网解决方案提供高速，高可靠性的骨干网传输产品，并提高应急通讯，国土资源勘测等领域的实时数据获取能力，提供涵盖实时宽带数据，图传等一系列大数据应用服务。,无锡驭航光计科技有限公司,蓝星光域(上海)航天科技有限公司
7,极光星通,A+轮,2020-08-26,北京市,极光星通成立于2020年，是一家聚焦于空间激光通信技术的国家技术企业，拥有自主知识产权，多项发明专利已获授权。公司致力于为客户提供高性能空间激光通信解决方案，产品主要应用于低轨卫星、民用航空、远洋舰船和陆基车载等领域。,北京极光星通科技有限公司,蓝星光域(上海)航天科技有限公司
8,六博光电,A轮,2017-05-17,武汉市,六博光电成立于2017年，是一家空间激光通信产品研发商，致力于移动激光通信及相关产品研发生产和销售，主要应用于海岛、反恐、国防、保密等领域，业务包括快速定点、移动局域网架设、最后一公里宽带接入，定点FSO与移动FSO接入等。,武汉六博光电技术有限责任公司,蓝星光域(上海)航天科技有限公司
9,星控激光,天使轮,2022-12-23,宿迁市,"星控激光成立于2022年，聚焦“光与物质的相互作用”,专注“航空航天、新能源、半导体”等领域的精密激光加工、检测等设备的研制。公司业务覆盖精密超快激光器、激光制孔与刻蚀装备及精密检测等一系列设备生产、销售、加工以及定制化解决方案。已布局先进光源、航空发动机核心零部件、新能源锂金属电池及金属双极板、金属材料及复合材料等多个细分领域。",江苏星辰光子科技有限公司,蓝星光域(上海)航天科技有限公司
10,弘毅光技术,A轮,2021-03-04,天津市,弘毅光技术成立于2021年，是一家空间激光通信系统全链路供应商，专注于低轨卫星激光通信领域的技术研发与产品服务。公司以科技创新为驱动，致力于为用户提供先进、可靠、安全且高性价比的空间激光通信整体解决方案，业务范围涵盖核心器件研发、系统集成、装调测试及定制化服务。,天津弘毅光技术有限公司,蓝星光域(上海)航天科技有限公司
11,钧恒科技,股权转让,2012-08-07,武汉市,钧恒科技成立于2012年，是专业从事高端光通信产品的研制、生产及推广的技术企业，产品应用与邮电通讯、电力、国防、金融、铁路、桥梁、防腐、激光设备等众多领域。拥有从光学组件，光电转换模块，光端机及子系统的行业垂直整合能力，能够为客户提供各种特定应用的定制化产品。,武汉钧恒科技有限公司,蓝星光域(上海)航天科技有限公司
12,迈微光电,B轮,2015-12-01,无锡市,迈微光电致力于高性能激光器模块产品及光学子系统的研发、生产和销售，并可提供整体光学设计解决方案。,无锡迈微光电科技有限公司,蓝星光域(上海)航天科技有限公司
13,长理光机,A轮,2011-09-05,长春市,长理光机专业从事激光器、激光夜视、红外热像设备、激光加工成套设备、光学检测仪器和光学精密机械的研发、技术咨询、技术转让、技术服务、生产、销售与应用的技术企业。,长春长理光学精密机械有限公司,蓝星光域(上海)航天科技有限公司
14,力星激光,未融资,2010-04-06,东莞市,力星激光秉承欧美技术，致力于激光切割、焊接与打标及自动化等激光应用产业领域，是一家集研发、生产与销售于一体的国家高新科技企业，公司主要产品有金属激光切割机、激光打标机、激光焊接机及激光应用自动化线等 8 大产品系列 150多款机型，运用于钣金行业、  3C行业、新能源及航天航空、汽车制造等行业。,东莞市力星激光科技有限公司,蓝星光域(上海)航天科技有限公司
15,铂锐激光,A轮,2020-12-15,济南市,铂锐激光成立于2020年，是一家高端激光产业领域的科技新锐企业。致力于高端激光器与激光应用的自主研发和产业化，秉承“聚焦高端、服务实体、创造价值“的理念，在工业加工、先端科研、环境监测、半导体、雷达遥感等领域为客户提供创新性和竞争力的产品及先进激光技术解决方案，持续为客户创造价值。,山东铂锐激光科技有限公司,蓝星光域(上海)航天科技有限公司
16,格林威治光电,天使轮,2021-10-19,成都市,格林威治光电于2021年成立，是一家超精密光学解决方案提供商，专注于超高精度光学元件加工与智能抛光设备研发。产品均可服务于军用与民用两大领域，为激光系统、空间光学、导航设备、航空航天、精密测量、医疗器械、消费电子等高端应用提供光学元件生产制造解决方案。,四川格林威治光电科技有限公司,蓝星光域(上海)航天科技有限公司
17,飞纳激光,A+轮,2020-12-28,宁波市,飞纳激光创建于 2020年12月，坐落于被誉为商业之都和发展之城的宁波，飞纳激光专注于激光精密微加工，致力于半导体和硬脆材料切割加工全套方案自主研发。依托先进激光器技术、高精度运动控制技术及工艺优势，聚焦半导体、金刚石、航空航天等领域，为超薄、超硬等各类材料提供激光加工解决方案，提供卓越技术服务。,宁波飞纳激光科技有限公司,蓝星光域(上海)航天科技有限公司
18,中科朗星,股权融资,2018-12-28,成都市,中科朗星是一家激光设备供应商，公司主要从事高能激光控制系统及光电测量识别系统的研发、应用和推广，致力于为行业用户提供相关的光电设备及服务。,四川中科朗星光电科技有限公司,蓝星光域(上海)航天科技有限公司
19,华科博创,A轮,2012-01-10,北京市,华科博创是一个面向航空航天和军用领域，提供先进的电子学产品及系统解决方案的技术企业，在光电载荷产品、高可靠加固计算机、仿真测试设备等领域，顺利完成了弹箭星船等多个型号任务的配套工作，取得了客户和合作伙伴的高度认可。,北京华科博创科技有限公司,蓝星光域(上海)航天科技有限公司
20,沪宁亮源,A轮,2019-11-12,杭州市,沪宁亮源成立于 2019 年，是一家生产激光电子器件产品、激光相关配套产品的高新企业。核心围绕激光光源、激光模组与激光传感系统开展业务，提供定制化激光解决方案，并配套相关设备安装维修与进出口业务。,杭州沪宁亮源激光器件有限公司,蓝星光域(上海)航天科技有限公司
1,高通中国,未融资,2001-08-09,北京市,高通中国是一家物联网芯片研发商，主要产品包括骁龙移动平台、2net健康信息平台、AllPlay智能媒体平台、Halo车用无线充电技术、小型基站等。现产品广泛应用于汽车、计算、物联网、健康医疗、数据中心等行业领域。,高通无线通信技术（中国）有限公司,紫光展锐(上海)科技股份有限公司
2,翱捷科技,IPO,2015-04-30,上海市,翱捷科技是一家芯片制造商，产品线覆盖包括2G、3G、4G在内的多制式通讯标准，主要应用于移动智能通讯终端、物联网、导航及其他消费类电子；此外公司还为用户提供相关领域解决方案及其他技术支持。,翱捷科技股份有限公司,紫光展锐(上海)科技股份有限公司
3,超材信息,A+轮,2017-12-28,北京市,超材信息致力于高性能SAW滤波器和双工器等系列射频前端芯片的研发设计、生产制造和销售，产品广泛应用于4G、5G移动终端和物联网模组等领域。,北京超材信息科技有限公司,紫光展锐(上海)科技股份有限公司
4,锐石创芯,C+轮,2017-04-01,重庆市,锐石创芯是一家射频器件供应商，以硅谷射频芯片设计技术为依托，专注于手机射频前端产品的研发及销售，产品包括射频功放芯片、基板以及射频前端测试系统，广泛应用于手机、物联网、车联网等移动终端领域。,锐石创芯（重庆）科技股份有限公司,紫光展锐(上海)科技股份有限公司
5,中兴微电子,股权转让,2003-11-28,深圳市,中兴微电子是一家综合芯片供应商，主要业务聚焦固网、手机、IPTV三大终端，产品有手机modem芯片、多媒体应用处理器、视频图像处理器、PA芯片、承载网MSTP芯片等，产品主要应用于移动终端、多媒体、智能家居及可穿戴产品领域。,深圳市中兴微电子技术有限公司,紫光展锐(上海)科技股份有限公司
6,兆易创新,IPO,2005-04-06,北京市,兆易创新成立于2005年，总部位于北京市，是全球化的Fabless芯片供应商，致力于构建以存储器、微控制器、传感器、模拟产品为核心驱动力的完整生态，为工业、汽车、计算、消费电子、物联网、移动应用以及通信领域的客户提供完善的产品技术和服务。,兆易创新科技集团股份有限公司,紫光展锐(上海)科技股份有限公司
7,联发科软件,未融资,2009-12-07,上海市,联发科技是全球IC设计领导厂商，专注于无线通讯及数位媒体等技术领域。本公司提供的晶片整合系统解决方案，包含无线通讯、高解析度电视、光储存、DVD及蓝光等相关产品，市场上均居领导地位。联发科技成立于1997 年，已在中国台湾证券交易所公开上市，股票代号为2454。总部设于中国台湾，并设有销售或研发团队于中国大陆、新加坡、印度、美国、日本、韩国、丹麦、英国、瑞典及杜拜。,联发科软件（上海）有限公司,紫光展锐(上海)科技股份有限公司
8,希微科技,B轮,2020-06-16,上海市,希微科技成立于2020年，专注于无线通信芯片的研发和创新，经过团队的共同努力，公司首个Wi-Fi 6芯片产品（核心IP均为自主研发）一次流片成功，并已通过WFA认证，各项性能指标也获得了众多Tie 1厂商的认可，该产品可适用于多个应用场景，如手机、平板、TV、OTT、IPC等为代表的消费电子市场以及安防类物联网市场。,希微科技（上海）有限公司,紫光展锐(上海)科技股份有限公司
9,瑞芯微,IPO,2001-11-25,福州市,瑞芯微电子是一家集成电路设计研发商，主要专注于数字影音和影像处理、移动智能终端、移动计算等系统级芯片的研究和开发，公司芯片的应用领域包括平板电脑、TV BOX、游戏盒子、IoT设备、车载智能终端、VR设备、无人机、智能手机、视频监控、运动相机等。,瑞芯微电子股份有限公司,紫光展锐(上海)科技股份有限公司
10,新郦璞科技,A轮,2020-09-18,上海市,新郦璞科技是一家芯片产品供应商，专注于ESC边缘感知与计算芯片产品的设计与创新，具备数字、混合信号、模拟以及射频的完整SoC芯片的设计研发流程和规范，可为物联网边缘端芯片解决方案以及通信网络芯片解决方案。,新郦璞科技（上海）有限公司,紫光展锐(上海)科技股份有限公司
11,东土信息,未融资,2015-01-09,上海市,上海东土信息科技有限公司成立于2015年，是一家专注于卫星导航系统射频芯片、模块、解决方案研发的技术企业，目前已经形成了完整的射频芯片研发平台和应用解决方案研发平台。,上海东土信息科技有限公司,紫光展锐(上海)科技股份有限公司
12,新奇点智能科技,股权融资,2008-03-14,杭州市,新奇点智能科技是一家移动通讯芯片及设备研发商，专业从事移动通讯芯片、移动通讯设备和移动通讯端到端系统的开发。致力于推进“5G+智能驾驶”全栈技术产品的开发和总成，力争在中国率先实现5G车路云协同智能驾驶的商用运营。,新奇点智能科技集团有限公司,紫光展锐(上海)科技股份有限公司
13,紫光国微,定向增发,2001-09-17,唐山市,紫光国芯股份有限公司是一家集成电路芯片设计开发商，主要从事高档元器件和电子芯片的开发、生产和销售。专注于集成电路芯片设计开发领域，坚持稳健经营、持续创新、开放合作，是目前国内前沿的集成电路芯片设计和系统集成解决方案供应商。,紫光国芯微电子股份有限公司,紫光展锐(上海)科技股份有限公司
14,隔空科技,D轮,2017-12-13,宁波市,隔空科技成立于2017年，专注于高性能无线射频技术、微波毫米波技术、雷达传感器技术、 低功耗 MCU 技术及 SoC 技术，定义并研发世界前沿的“Me First芯片产品，提供高性价比的芯片、算法、软件及模组全套解决方案，公司产品线中的5.8GHz、10.525GHz、24GHz、60GHz、77GHz 系列雷达芯片、“BLE+雷达”双模芯片、车载毫米波雷达芯片、专用MCU芯片等产品，被广泛应用于智能物联网(AloT)、智慧照明、智能家电、智能家居、智慧城市管理、汽车ADAS等领域。,宁波隔空智能科技有限公司,紫光展锐(上海)科技股份有限公司
15,瓴盛科技,天使+轮,2018-05-16,成都市,瓴盛科技聚焦消费类手机市场，经营范围主要是与芯片组解决方案有关的设计、包装、测试、客户支持和销售，以及技术开发、技术许可、技术咨询、技术服务和软件开发。主打SoC手机芯片，瞄准中低端芯片，主攻手机细分市场。,瓴盛科技有限公司,紫光展锐(上海)科技股份有限公司
16,尊湃通讯,A轮,2021-03-02,南京市,尊湃通讯是一家高端芯片设计服务商，以高端芯片设计为主，致力于提供家庭及企业高性能、全生态智慧场景芯片组及解决方案。,尊湃通讯科技（南京）有限公司,紫光展锐(上海)科技股份有限公司
17,泰芯半导体,股权转让,2016-11-17,珠海市,珠海泰芯半导体是一家芯片及电能解决方案提供商，主要产品有物联网通讯芯片、高清视频编解码芯片以及电力电子现场可编程芯片等，可应用于交通、能源以及通信等领域，同时还为用户提供电能解决方案。,珠海泰芯半导体有限公司,紫光展锐(上海)科技股份有限公司
18,米乐为微电子,B轮,2012-05-14,南京市,米乐为微电子成立于2012年，是一家微波高频集成电路芯片研发商，专注于集成电路芯片，模块和系统解决方案的设计和开发，以及射频、微波、毫米波前端系统方案，产品有各类放大器、混频器和衰减器等。,南京米乐为微电子科技股份有限公司,紫光展锐(上海)科技股份有限公司
19,摩托罗拉,并购,2010-01-06,天津市,摩托罗拉是一家全球性芯片制造、电子通讯大型企业，业务包括企业移动方案解决、宽带及移动网络事业和移动终端事业。,摩托罗拉移动技术（中国）有限公司,紫光展锐(上海)科技股份有限公司
20,易行电子,A+轮,2018-12-13,苏州市,易行电子于2018年成立，是一家专业的Fabless集成电路设计公司。专注于芯片设计及产业化实现，为客户提供芯片定制设计服务和自研芯片及模组产品，主要用于工业控制、边缘端轻量级AI和显示驱动等三大应用领域。,苏州易行电子科技有限公司,紫光展锐(上海)科技股份有限公司
1,星源材质,IPO,2003-09-17,深圳市,星源材质是一家锂离子电池隔膜研发生产商，同时拥有锂离子电池隔膜干法、湿法制备技术和生产线，产品涵盖锂电池干法、湿法、涂覆隔膜，成为了全球行业产品种类最多、质量最优的锂电池隔膜企业，公司产品主要应用于新能源汽车、消费电子及储能电站等领域，并成功在航天航空领域取得应用，为我国产业安全作出了重要贡献。星源材质是一家锂离子电池隔膜研发生产商，同时拥有锂离子电池隔膜干法、湿法制备技术和生产线，产品涵盖锂电池干法、湿法、涂覆隔膜，成为了全球行业产品种类最多、质量最优的锂电池隔膜企业，公司产品主要应用于新能源汽车、消费电子及储能电站等领域，并成功在航天航空领域取得应用，为我国产业安全作出了重要贡献。,深圳市星源材质科技股份有限公司,上海璞泰来新能源科技集团股份有限公司
2,振华新材,定向增发,2004-04-26,贵阳市,振华新材主要从事锂离子电池正极材料的研发、生产及销售。产品涵盖消费电子产品及电动汽车所用的锂离子电池正极材料领域，包括动力三元、钴酸锂、复合三元、钴镍锰酸锂三元、高锰多晶系列产品。,贵州振华新材料股份有限公司,上海璞泰来新能源科技集团股份有限公司
3,贝特瑞,股权转让,2000-08-07,深圳市,贝特瑞是一家锂离子二次电池用料生产商，主营业务为研发、生产与销售锂离子电池的制造材料，产品包括锂离子电池负极材料、正极材料、天然鳞片石墨等，并为用户提供石墨制品加工服务。,贝特瑞新材料集团股份有限公司,上海璞泰来新能源科技集团股份有限公司
4,尚太科技,IPO,2008-09-27,石家庄市,尚太科技是一家高性能石墨材料研发生产商，专注于新材料的研究开发和生产经营，拥有锂离子电池负极材料高温石墨化生产线与合成金刚石用碳源石墨材料生产线，可为客户提供合成金刚石用碳源石墨粉产品以及锂离子电池负极材料的高温石墨化加工。,石家庄尚太科技股份有限公司,上海璞泰来新能源科技集团股份有限公司
5,天赐材料,定向增发,2000-06-06,广州市,天赐材料成立于2000年6月，主营业务为锂离子电池材料、日化材料及特种化学品两大业务板块。赐材料自成立以来一直持续发展锂离子电池材料、日化材料及特种化学品两大业务板块。天赐材料作为卓越出众品牌的供应商，是具有较大的影响力及行业带头示范作用的卓越出众精细化工企业，电解液龙头企业。,广州天赐高新材料股份有限公司,上海璞泰来新能源科技集团股份有限公司
6,凯金能源,股权融资,2012-03-26,东莞市,凯金能源是一家锂离子电池负极材料供应商，主要产品包括人造石墨、复合石墨、混合石墨、天然石墨，适用于方形、圆柱、软包聚合物等类型锂离子电池。产品可应用于汽车、数码产品、应急电源等领域。,广东凯金新能源科技股份有限公司,上海璞泰来新能源科技集团股份有限公司
7,赢合科技,定向增发,2006-06-26,深圳市,赢合科技是一家锂离子电池生产设备制造商，集锂电池专用生产设备的研发、设计、制造、销售与服务于一体，产品涵盖锂离子电池自动化生产线上的主要设备，包含涂布机、分条机、制片机、卷绕机、模切机、叠片机六大类设备及相应配套的辅助设备，满足不同工艺、不同尺寸锂离子电池的制作需求。产品应用于动力、储能及消费类电池等多个领域。,深圳市赢合科技股份有限公司,上海璞泰来新能源科技集团股份有限公司
8,中伟新材,IPO,2014-09-15,铜仁市,中伟新材聚焦镍、钴、磷、钠、锰、锂等新能源材料及前沿技术，并持续迭代，打造多样化、定制化、快速开发与量产的技术服务能力及产业化应用能力，助推行业技术发展。,中伟新材料股份有限公司,上海璞泰来新能源科技集团股份有限公司
9,中锂新材,并购,2012-01-12,常德市,中锂新材是一家动力电池隔膜产品研发商，集动力电池隔膜产品的设计研发、生产制造与销售为一体，主要产品为锂离子电池湿法隔膜，此外公司还为用户提供动力电池隔膜定制服务等。,中材锂膜（常德）有限公司,上海璞泰来新能源科技集团股份有限公司
10,翔丰华,定向增发,2009-06-12,上海市,翔丰华是一家锂离子电池负极材料制造商，主要产品有天然石墨、人造石墨以及硅碳负极材料等，产品应用于动力（电动交通工具，如新能源汽车、电动自行车等）、3C消费电子、工业储能等领域。,上海市翔丰华科技股份有限公司,上海璞泰来新能源科技集团股份有限公司
11,当升科技,定向增发,1998-06-03,北京市,当升科技是一家锂电正极及电子陶瓷材料研发商，公司的产品主要包括高功率型钴酸锂材料、高容量型钴酸锂材料等锂电正极材料；电子级氧化铋、电子级氧化钴等电子陶瓷材料；以及旋转模切机等产品。,北京当升材料科技股份有限公司,上海璞泰来新能源科技集团股份有限公司
12,杉杉股份,定向增发,1992-12-14,宁波市,杉杉股份成立于1992年，是一家挨锂电池负极材料与偏光片供应商，公司服装业务起家，1999 年转型进入锂电池材料领域，2021 年，公司通过收购LG化学偏光片业务，形成“双主业、双驱动”发展新格局。,宁波杉杉股份有限公司,上海璞泰来新能源科技集团股份有限公司
13,蜂巢能源,B+轮,2018-02-12,常州市,蜂巢能源是一家电动电池研发生产商，专注于锂离子动力电池及其正极材料、储能电池等方面的开发和销售，为用户提供新能源汽车充电桩、电池利用回收等产品解决方案。,蜂巢能源科技股份有限公司,上海璞泰来新能源科技集团股份有限公司
14,五矿新能,IPO,2002-06-18,长沙市,五矿新能是一家锂电池正极材料研发商，旗下产品钴酸锂其颗粒形貌为球状二次粒子，具有结晶度高、振实密度大、流动性强、抗过充过放等特点，利于增大材料充填量，提高电池体积比容量。,五矿新能源材料（湖南）股份有限公司,上海璞泰来新能源科技集团股份有限公司
15,国轩高科,并购,1995-01-23,合肥市,国轩高科成立于1995年，总部位于安徽合肥，是一家新能源电池企业和绿色能源解决方案商。司主营磷酸铁锂材料及电芯、三元材料及电芯、动力电池组、储能电池组及电池管理系统等，产品广泛应用于乘用车、商用车、专用车等新能源汽车领域，并为储能客户提供绿色能源系统解决方案。,国轩高科股份有限公司,上海璞泰来新能源科技集团股份有限公司
16,亿纬锂能,定向增发,2001-12-24,惠州市,亿纬锂能是一家锂电池及电源系统制造商，主要产品有锂-亚硫酰氯电池、锂-二氧化锰电池、高倍率长寿命HP电池、动力储能电池及电动车电源系统等，广泛应用于智能电网、新能源汽车、消费电子等不同领域。,惠州亿纬锂能股份有限公司,上海璞泰来新能源科技集团股份有限公司
17,容百科技,定向增发,2014-09-18,宁波市,容百锂电是一家锂电池正极材料研发商，主要产品为三元复合正极材料镍钴锰酸锂，包括NCM333、NCM523、NCM622以及NCM811等型号，主要应用于电动汽车以及混合动力汽车领域。,宁波容百新能源科技股份有限公司,上海璞泰来新能源科技集团股份有限公司
18,德方纳米,定向增发,2007-01-25,深圳市,德方纳米是一家纳米材料制备技术开发商，集研发、生产和销售纳米材料及其应用产品为一体。主要产品有纳米磷酸铁锂、碳纳米管、碳纳米管导电液，同时具备生产纳米磷酸猛铁锂、多层布袋石墨烯生产能力。,深圳市德方纳米科技股份有限公司,上海璞泰来新能源科技集团股份有限公司
19,厦钨新能,定向增发,2016-12-20,厦门市,厦门厦钨新能源材料有限公司（以下简称“厦钨新能源”）是世界钨行业领军企业——厦门钨业股份有限公司（以下简称“厦门钨业”）的全资子公司。厦门钨业积极发展包括贮氢、锂电正极材料等在内的能源新材料产业。,厦门厦钨新能源材料股份有限公司,上海璞泰来新能源科技集团股份有限公司
20,欣旺达,IPO,1997-12-09,深圳市,欣旺达电子是一家锂离子电池模组制造商，专注于锂离子电池模组的研发、设计、生产及销售，为用户提供新能源领域的锂离子电池模组等产品，同时业务还涵盖锂离子电芯、电源管理系统、精密结构件、智能制造类等多个领域。,欣旺达电子股份有限公司,上海璞泰来新能源科技集团股份有限公司
1,星源材质,IPO,2003-09-17,深圳市,星源材质是一家锂离子电池隔膜研发生产商，同时拥有锂离子电池隔膜干法、湿法制备技术和生产线，产品涵盖锂电池干法、湿法、涂覆隔膜，成为了全球行业产品种类最多、质量最优的锂电池隔膜企业，公司产品主要应用于新能源汽车、消费电子及储能电站等领域，并成功在航天航空领域取得应用，为我国产业安全作出了重要贡献。星源材质是一家锂离子电池隔膜研发生产商，同时拥有锂离子电池隔膜干法、湿法制备技术和生产线，产品涵盖锂电池干法、湿法、涂覆隔膜，成为了全球行业产品种类最多、质量最优的锂电池隔膜企业，公司产品主要应用于新能源汽车、消费电子及储能电站等领域，并成功在航天航空领域取得应用，为我国产业安全作出了重要贡献。,深圳市星源材质科技股份有限公司,达闼机器人股份有限公司
2,振华新材,定向增发,2004-04-26,贵阳市,振华新材主要从事锂离子电池正极材料的研发、生产及销售。产品涵盖消费电子产品及电动汽车所用的锂离子电池正极材料领域，包括动力三元、钴酸锂、复合三元、钴镍锰酸锂三元、高锰多晶系列产品。,贵州振华新材料股份有限公司,达闼机器人股份有限公司
3,贝特瑞,股权转让,2000-08-07,深圳市,贝特瑞是一家锂离子二次电池用料生产商，主营业务为研发、生产与销售锂离子电池的制造材料，产品包括锂离子电池负极材料、正极材料、天然鳞片石墨等，并为用户提供石墨制品加工服务。,贝特瑞新材料集团股份有限公司,达闼机器人股份有限公司
4,尚太科技,IPO,2008-09-27,石家庄市,尚太科技是一家高性能石墨材料研发生产商，专注于新材料的研究开发和生产经营，拥有锂离子电池负极材料高温石墨化生产线与合成金刚石用碳源石墨材料生产线，可为客户提供合成金刚石用碳源石墨粉产品以及锂离子电池负极材料的高温石墨化加工。,石家庄尚太科技股份有限公司,达闼机器人股份有限公司
5,天赐材料,定向增发,2000-06-06,广州市,天赐材料成立于2000年6月，主营业务为锂离子电池材料、日化材料及特种化学品两大业务板块。赐材料自成立以来一直持续发展锂离子电池材料、日化材料及特种化学品两大业务板块。天赐材料作为卓越出众品牌的供应商，是具有较大的影响力及行业带头示范作用的卓越出众精细化工企业，电解液龙头企业。,广州天赐高新材料股份有限公司,达闼机器人股份有限公司
6,凯金能源,股权融资,2012-03-26,东莞市,凯金能源是一家锂离子电池负极材料供应商，主要产品包括人造石墨、复合石墨、混合石墨、天然石墨，适用于方形、圆柱、软包聚合物等类型锂离子电池。产品可应用于汽车、数码产品、应急电源等领域。,广东凯金新能源科技股份有限公司,达闼机器人股份有限公司
7,赢合科技,定向增发,2006-06-26,深圳市,赢合科技是一家锂离子电池生产设备制造商，集锂电池专用生产设备的研发、设计、制造、销售与服务于一体，产品涵盖锂离子电池自动化生产线上的主要设备，包含涂布机、分条机、制片机、卷绕机、模切机、叠片机六大类设备及相应配套的辅助设备，满足不同工艺、不同尺寸锂离子电池的制作需求。产品应用于动力、储能及消费类电池等多个领域。,深圳市赢合科技股份有限公司,达闼机器人股份有限公司
8,中伟新材,IPO,2014-09-15,铜仁市,中伟新材聚焦镍、钴、磷、钠、锰、锂等新能源材料及前沿技术，并持续迭代，打造多样化、定制化、快速开发与量产的技术服务能力及产业化应用能力，助推行业技术发展。,中伟新材料股份有限公司,达闼机器人股份有限公司
9,中锂新材,并购,2012-01-12,常德市,中锂新材是一家动力电池隔膜产品研发商，集动力电池隔膜产品的设计研发、生产制造与销售为一体，主要产品为锂离子电池湿法隔膜，此外公司还为用户提供动力电池隔膜定制服务等。,中材锂膜（常德）有限公司,达闼机器人股份有限公司
10,翔丰华,定向增发,2009-06-12,上海市,翔丰华是一家锂离子电池负极材料制造商，主要产品有天然石墨、人造石墨以及硅碳负极材料等，产品应用于动力（电动交通工具，如新能源汽车、电动自行车等）、3C消费电子、工业储能等领域。,上海市翔丰华科技股份有限公司,达闼机器人股份有限公司
11,当升科技,定向增发,1998-06-03,北京市,当升科技是一家锂电正极及电子陶瓷材料研发商，公司的产品主要包括高功率型钴酸锂材料、高容量型钴酸锂材料等锂电正极材料；电子级氧化铋、电子级氧化钴等电子陶瓷材料；以及旋转模切机等产品。,北京当升材料科技股份有限公司,达闼机器人股份有限公司
12,杉杉股份,定向增发,1992-12-14,宁波市,杉杉股份成立于1992年，是一家挨锂电池负极材料与偏光片供应商，公司服装业务起家，1999 年转型进入锂电池材料领域，2021 年，公司通过收购LG化学偏光片业务，形成“双主业、双驱动”发展新格局。,宁波杉杉股份有限公司,达闼机器人股份有限公司
13,蜂巢能源,B+轮,2018-02-12,常州市,蜂巢能源是一家电动电池研发生产商，专注于锂离子动力电池及其正极材料、储能电池等方面的开发和销售，为用户提供新能源汽车充电桩、电池利用回收等产品解决方案。,蜂巢能源科技股份有限公司,达闼机器人股份有限公司
14,五矿新能,IPO,2002-06-18,长沙市,五矿新能是一家锂电池正极材料研发商，旗下产品钴酸锂其颗粒形貌为球状二次粒子，具有结晶度高、振实密度大、流动性强、抗过充过放等特点，利于增大材料充填量，提高电池体积比容量。,五矿新能源材料（湖南）股份有限公司,达闼机器人股份有限公司
15,国轩高科,并购,1995-01-23,合肥市,国轩高科成立于1995年，总部位于安徽合肥，是一家新能源电池企业和绿色能源解决方案商。司主营磷酸铁锂材料及电芯、三元材料及电芯、动力电池组、储能电池组及电池管理系统等，产品广泛应用于乘用车、商用车、专用车等新能源汽车领域，并为储能客户提供绿色能源系统解决方案。,国轩高科股份有限公司,达闼机器人股份有限公司
16,亿纬锂能,定向增发,2001-12-24,惠州市,亿纬锂能是一家锂电池及电源系统制造商，主要产品有锂-亚硫酰氯电池、锂-二氧化锰电池、高倍率长寿命HP电池、动力储能电池及电动车电源系统等，广泛应用于智能电网、新能源汽车、消费电子等不同领域。,惠州亿纬锂能股份有限公司,达闼机器人股份有限公司
17,容百科技,定向增发,2014-09-18,宁波市,容百锂电是一家锂电池正极材料研发商，主要产品为三元复合正极材料镍钴锰酸锂，包括NCM333、NCM523、NCM622以及NCM811等型号，主要应用于电动汽车以及混合动力汽车领域。,宁波容百新能源科技股份有限公司,达闼机器人股份有限公司
18,德方纳米,定向增发,2007-01-25,深圳市,德方纳米是一家纳米材料制备技术开发商，集研发、生产和销售纳米材料及其应用产品为一体。主要产品有纳米磷酸铁锂、碳纳米管、碳纳米管导电液，同时具备生产纳米磷酸猛铁锂、多层布袋石墨烯生产能力。,深圳市德方纳米科技股份有限公司,达闼机器人股份有限公司
19,厦钨新能,定向增发,2016-12-20,厦门市,厦门厦钨新能源材料有限公司（以下简称“厦钨新能源”）是世界钨行业领军企业——厦门钨业股份有限公司（以下简称“厦门钨业”）的全资子公司。厦门钨业积极发展包括贮氢、锂电正极材料等在内的能源新材料产业。,厦门厦钨新能源材料股份有限公司,达闼机器人股份有限公司
20,欣旺达,IPO,1997-12-09,深圳市,欣旺达电子是一家锂离子电池模组制造商，专注于锂离子电池模组的研发、设计、生产及销售，为用户提供新能源领域的锂离子电池模组等产品，同时业务还涵盖锂离子电芯、电源管理系统、精密结构件、智能制造类等多个领域。,欣旺达电子股份有限公司,达闼机器人股份有限公司
1,星源材质,IPO,2003-09-17,深圳市,星源材质是一家锂离子电池隔膜研发生产商，同时拥有锂离子电池隔膜干法、湿法制备技术和生产线，产品涵盖锂电池干法、湿法、涂覆隔膜，成为了全球行业产品种类最多、质量最优的锂电池隔膜企业，公司产品主要应用于新能源汽车、消费电子及储能电站等领域，并成功在航天航空领域取得应用，为我国产业安全作出了重要贡献。星源材质是一家锂离子电池隔膜研发生产商，同时拥有锂离子电池隔膜干法、湿法制备技术和生产线，产品涵盖锂电池干法、湿法、涂覆隔膜，成为了全球行业产品种类最多、质量最优的锂电池隔膜企业，公司产品主要应用于新能源汽车、消费电子及储能电站等领域，并成功在航天航空领域取得应用，为我国产业安全作出了重要贡献。,深圳市星源材质科技股份有限公司,上海图灵智算量子科技有限公司
2,振华新材,定向增发,2004-04-26,贵阳市,振华新材主要从事锂离子电池正极材料的研发、生产及销售。产品涵盖消费电子产品及电动汽车所用的锂离子电池正极材料领域，包括动力三元、钴酸锂、复合三元、钴镍锰酸锂三元、高锰多晶系列产品。,贵州振华新材料股份有限公司,上海图灵智算量子科技有限公司
3,贝特瑞,股权转让,2000-08-07,深圳市,贝特瑞是一家锂离子二次电池用料生产商，主营业务为研发、生产与销售锂离子电池的制造材料，产品包括锂离子电池负极材料、正极材料、天然鳞片石墨等，并为用户提供石墨制品加工服务。,贝特瑞新材料集团股份有限公司,上海图灵智算量子科技有限公司
4,尚太科技,IPO,2008-09-27,石家庄市,尚太科技是一家高性能石墨材料研发生产商，专注于新材料的研究开发和生产经营，拥有锂离子电池负极材料高温石墨化生产线与合成金刚石用碳源石墨材料生产线，可为客户提供合成金刚石用碳源石墨粉产品以及锂离子电池负极材料的高温石墨化加工。,石家庄尚太科技股份有限公司,上海图灵智算量子科技有限公司
5,天赐材料,定向增发,2000-06-06,广州市,天赐材料成立于2000年6月，主营业务为锂离子电池材料、日化材料及特种化学品两大业务板块。赐材料自成立以来一直持续发展锂离子电池材料、日化材料及特种化学品两大业务板块。天赐材料作为卓越出众品牌的供应商，是具有较大的影响力及行业带头示范作用的卓越出众精细化工企业，电解液龙头企业。,广州天赐高新材料股份有限公司,上海图灵智算量子科技有限公司
6,凯金能源,股权融资,2012-03-26,东莞市,凯金能源是一家锂离子电池负极材料供应商，主要产品包括人造石墨、复合石墨、混合石墨、天然石墨，适用于方形、圆柱、软包聚合物等类型锂离子电池。产品可应用于汽车、数码产品、应急电源等领域。,广东凯金新能源科技股份有限公司,上海图灵智算量子科技有限公司
7,赢合科技,定向增发,2006-06-26,深圳市,赢合科技是一家锂离子电池生产设备制造商，集锂电池专用生产设备的研发、设计、制造、销售与服务于一体，产品涵盖锂离子电池自动化生产线上的主要设备，包含涂布机、分条机、制片机、卷绕机、模切机、叠片机六大类设备及相应配套的辅助设备，满足不同工艺、不同尺寸锂离子电池的制作需求。产品应用于动力、储能及消费类电池等多个领域。,深圳市赢合科技股份有限公司,上海图灵智算量子科技有限公司
8,中伟新材,IPO,2014-09-15,铜仁市,中伟新材聚焦镍、钴、磷、钠、锰、锂等新能源材料及前沿技术，并持续迭代，打造多样化、定制化、快速开发与量产的技术服务能力及产业化应用能力，助推行业技术发展。,中伟新材料股份有限公司,上海图灵智算量子科技有限公司
9,中锂新材,并购,2012-01-12,常德市,中锂新材是一家动力电池隔膜产品研发商，集动力电池隔膜产品的设计研发、生产制造与销售为一体，主要产品为锂离子电池湿法隔膜，此外公司还为用户提供动力电池隔膜定制服务等。,中材锂膜（常德）有限公司,上海图灵智算量子科技有限公司
10,翔丰华,定向增发,2009-06-12,上海市,翔丰华是一家锂离子电池负极材料制造商，主要产品有天然石墨、人造石墨以及硅碳负极材料等，产品应用于动力（电动交通工具，如新能源汽车、电动自行车等）、3C消费电子、工业储能等领域。,上海市翔丰华科技股份有限公司,上海图灵智算量子科技有限公司
11,当升科技,定向增发,1998-06-03,北京市,当升科技是一家锂电正极及电子陶瓷材料研发商，公司的产品主要包括高功率型钴酸锂材料、高容量型钴酸锂材料等锂电正极材料；电子级氧化铋、电子级氧化钴等电子陶瓷材料；以及旋转模切机等产品。,北京当升材料科技股份有限公司,上海图灵智算量子科技有限公司
12,杉杉股份,定向增发,1992-12-14,宁波市,杉杉股份成立于1992年，是一家挨锂电池负极材料与偏光片供应商，公司服装业务起家，1999 年转型进入锂电池材料领域，2021 年，公司通过收购LG化学偏光片业务，形成“双主业、双驱动”发展新格局。,宁波杉杉股份有限公司,上海图灵智算量子科技有限公司
13,蜂巢能源,B+轮,2018-02-12,常州市,蜂巢能源是一家电动电池研发生产商，专注于锂离子动力电池及其正极材料、储能电池等方面的开发和销售，为用户提供新能源汽车充电桩、电池利用回收等产品解决方案。,蜂巢能源科技股份有限公司,上海图灵智算量子科技有限公司
14,五矿新能,IPO,2002-06-18,长沙市,五矿新能是一家锂电池正极材料研发商，旗下产品钴酸锂其颗粒形貌为球状二次粒子，具有结晶度高、振实密度大、流动性强、抗过充过放等特点，利于增大材料充填量，提高电池体积比容量。,五矿新能源材料（湖南）股份有限公司,上海图灵智算量子科技有限公司
15,国轩高科,并购,1995-01-23,合肥市,国轩高科成立于1995年，总部位于安徽合肥，是一家新能源电池企业和绿色能源解决方案商。司主营磷酸铁锂材料及电芯、三元材料及电芯、动力电池组、储能电池组及电池管理系统等，产品广泛应用于乘用车、商用车、专用车等新能源汽车领域，并为储能客户提供绿色能源系统解决方案。,国轩高科股份有限公司,上海图灵智算量子科技有限公司
16,亿纬锂能,定向增发,2001-12-24,惠州市,亿纬锂能是一家锂电池及电源系统制造商，主要产品有锂-亚硫酰氯电池、锂-二氧化锰电池、高倍率长寿命HP电池、动力储能电池及电动车电源系统等，广泛应用于智能电网、新能源汽车、消费电子等不同领域。,惠州亿纬锂能股份有限公司,上海图灵智算量子科技有限公司
17,容百科技,定向增发,2014-09-18,宁波市,容百锂电是一家锂电池正极材料研发商，主要产品为三元复合正极材料镍钴锰酸锂，包括NCM333、NCM523、NCM622以及NCM811等型号，主要应用于电动汽车以及混合动力汽车领域。,宁波容百新能源科技股份有限公司,上海图灵智算量子科技有限公司
18,德方纳米,定向增发,2007-01-25,深圳市,德方纳米是一家纳米材料制备技术开发商，集研发、生产和销售纳米材料及其应用产品为一体。主要产品有纳米磷酸铁锂、碳纳米管、碳纳米管导电液，同时具备生产纳米磷酸猛铁锂、多层布袋石墨烯生产能力。,深圳市德方纳米科技股份有限公司,上海图灵智算量子科技有限公司
19,厦钨新能,定向增发,2016-12-20,厦门市,厦门厦钨新能源材料有限公司（以下简称“厦钨新能源”）是世界钨行业领军企业——厦门钨业股份有限公司（以下简称“厦门钨业”）的全资子公司。厦门钨业积极发展包括贮氢、锂电正极材料等在内的能源新材料产业。,厦门厦钨新能源材料股份有限公司,上海图灵智算量子科技有限公司
20,欣旺达,IPO,1997-12-09,深圳市,欣旺达电子是一家锂离子电池模组制造商，专注于锂离子电池模组的研发、设计、生产及销售，为用户提供新能源领域的锂离子电池模组等产品，同时业务还涵盖锂离子电芯、电源管理系统、精密结构件、智能制造类等多个领域。,欣旺达电子股份有限公司,上海图灵智算量子科技有限公司
1,摩尔线程,IPO,2020-06-11,北京市,摩尔线程成立于2020年，以全功能GPU为核心，致力于向全球提供加速计算的基础设施和一站式解决方案，为各行各业的数智化转型提供强大的AI计算支持。目标是成为具备国际竞争力的GPU领军企业，为融合人工智能和数字孪生的数智世界打造先进的加速计算平台。,摩尔线程智能科技（北京）股份有限公司,格兰菲智能科技股份有限公司
1,理想汽车,IPO,2015-04-10,北京市,理想汽车是一家智能新能源汽车研发商，专注于提供智能交通工具研发和服务。计划推出两款产品：SEV将满足城市1~2人的短途出行，SUV则将满足家庭用户中长途的出行需要。,北京车和家信息技术有限公司,蔚来控股有限公司
2,爱驰汽车,C轮,2017-02-15,上饶市,爱驰汽车是一家智能电动汽车制造商，专注于从事电动化模块平台、VCU整车控制器、电池包技术、电机系统等部件的研发与设计，帮助用户解决汽车充电问题。此外，现公司正进行人工智能、机器视觉、深度学习智能线控等技术在智能汽车领域的应用开发。,爱驰汽车有限公司,蔚来控股有限公司
3,游侠汽车,B+轮,2017-05-11,上海市,游侠汽车是一家新成立的电动汽车技术公司。国内顶尖家发布完整纯电动概念汽车产品（YOUXIA X）的科技型企业，通过打造具有全新人车智能交互系统的高性能电动汽车，加速领跑全球可持续化能源梦想。,上海游侠汽车有限公司,蔚来控股有限公司
4,零跑汽车,定向增发,2015-12-24,杭州市,零跑汽车成立于2015，是一家创新型的智能电动车企业，业务范围涵盖智能电动汽车整车设计、研发制造、智能驾驶、电机电控、电池系统开发，以及基于云计算的车联网解决方案等。,浙江零跑科技股份有限公司,蔚来控股有限公司
5,智己汽车,B+轮,2020-12-25,上海市,智己汽车成立于2020年，是一家高端智能纯电汽车研发商，智己汽车打造全新的电子电器架构，从底层打通整车与驾乘体验高度相关的ECU控制器，将客户场景和汽车感知充分融合。,智己汽车科技有限公司,蔚来控股有限公司
6,博郡汽车,A+轮,2016-12-13,南京市,博郡汽车是一家智能电动汽车研发商，依托于底盘平台、整车性能、三电技术、轻量化工艺及智能驾驶系统方案核心，专注于中高端电动汽车、智能汽车系统、车联网服务的设计与开发，致力于为用户提供安全可靠的智能电动汽车产品体验。,南京博郡新能源汽车有限公司,蔚来控股有限公司
7,广汽埃安,A轮,2017-07-28,广州市,广汽埃安新能源是一家智联新能源汽车研发商，公司已经打造了纯电动汽车产品，后续将逐步导入其他轿车、SUV等纯电动车型。公司已经研发了GA3S PHEV、GS4 PHEV和纯电动的GE3三款车型。,广汽埃安新能源汽车股份有限公司,蔚来控股有限公司
8,阿维塔科技,股权转让,2018-07-10,重庆市,阿维塔科技成立于2018年，致力于探索面向未来的人性化出行科技，为用户创造情感智能出行体验。作为智能电动汽车（SEV）新赛道的探索者，阿维塔科技致力于打造国际化高端SEV品牌。得益于长安汽车、华为、宁德时代，分别在整车研发智造、智能汽车解决方案和智慧能源生态领域为阿维塔科技赋能，三方共同开创全新一代智能电动汽车技术平台CHN，具备“新架构、强计算、高压充电”三大特征。基于全新的合作模式，阿维塔科技将SEV产业的核心能力真正掌握在了中国人自己手中。公司总部位于中国重庆，并在上海及德国慕尼黑设有分部。,阿维塔科技（重庆）股份有限公司,蔚来控股有限公司
9,SITECH新特,A+轮,2017-09-01,贵阳市,新特汽车是一家新能源电动汽车研发商。拥有高效独立电动汽车全体系研发能力，依托国家大数据中心数据和智能资源优势，是国内新兴的全球化智能电动汽车设计研发制造企业以及全生态服务商。新特汽车创立之初就开始了全球化布局，目前已在贵安新区、北京、杭州、美国硅谷、意大利都灵等地设立了研发制造中心、企业资本中心、整车研发中心、车联网及智能驾驶研发中心和造型设计中心。,贵安新区新特电动汽车工业有限公司,蔚来控股有限公司
10,悠跑科技,B轮,2021-04-19,上海市,悠跑科技成立于2021年，是一家智能电动车研发商。致力于提供创新的电动智能汽车解决方案，其超级VAN系列凭借标准化、模块化的滑板底盘技术，已成为极具市场竞争力的突破性产品。通过提供极致标准化的UP超级底盘，可将整车研发有效缩短6-12个月，助力所有场景拥有者实现造车自由。,上海悠跑网络科技有限公司,蔚来控股有限公司
11,高合汽车,A轮,2020-06-19,上海市,高合汽车是一家纯电智能汽车研发及生产商，旗下拥有品牌“高合HiPhi”，搭载双冗余L3自动驾驶、360度环抱式全景行车环境感知系统等技术。,高合（上海）汽车售后服务有限公司,蔚来控股有限公司
12,途柚汽车,天使轮,2019-07-08,厦门市,途柚汽车是一个新能源电动汽车品牌，从城市通勤智能代步车细分领域切入互联网造车，对标特斯拉和蔚来的“车+能源网络”模式，定位高安全、高智能、高性价比可代步可远行的新能源智能汽车。通过车电分离的新能源智能汽车、兼容汽车和电动自行车的智能识别动力电池包以及智能新能源换电站，途柚智能汽车旨在构建“车+能源网络”的智慧绿色能源生态系统。,福建途柚新能源汽车集团有限公司,蔚来控股有限公司
13,帝亚一维,C轮,2017-02-25,宁波市,帝亚一维是一家电动汽车研发商，旗下研发出了紧凑型跨界SUV，其车身采用新型智能BMS算法，智能驾驶核心技术以及驱动系统的系统热、电、结构一体化集成，可实现快速充电功能。,帝亚一维新能源汽车有限公司,蔚来控股有限公司
14,哪吒汽车,Pre-IPO,2014-10-16,嘉兴市,哪吒汽车是合众汽车旗下汽车产品品牌，合众汽车是一家新能源汽车研发商，主要产品包括电动物流车、纯电动乘用车等，将电池、驱动系统、悬挂和碰撞防护功能在底盘中整合成一个独立的铝制结构，减轻车身自有重量，配以智能驾驶技术。,合众新能源汽车股份有限公司,蔚来控股有限公司
15,Future Mobility Corporation,B轮,2017-07-27,香港特别行政区,Future Mobility Corporation是一家互联网智能造车公司，致力于打造互联网+智能电动汽车。,Future Mobility Corporation Limited,蔚来控股有限公司
16,歌昂,未融资,-,-,歌昂是一家豪华电动汽车研发商，专注于从事新能源汽车的开发与设计，其产品将搭载智能化操作系统，并具有自动驾驶功能。通过与汽车设计服务商合作，预计首款概念车线条图即将发布。,-,蔚来控股有限公司
17,洛轲智能,D+轮,2021-01-08,上海市,洛轲智能是一家新能源智能汽车整车制造商，专注于提供汽车产品和服务，致力于通过在新能源动力、智能座舱、自动驾驶等领域的创新打造智能汽车，提升用户出行的体验，旗下拥有车辆的控制方法、装置、设备及介质、增程式热管理系统和增程式车辆等专利。,上海洛轲智能科技有限公司,蔚来控股有限公司
18,绿传科技,Pre-A轮,2019-12-24,北京市,绿传科技是一家新能源汽车驱动与传动系统研发商，致力于新能源汽车智能、高效动力总成产品研发、生产、销售及提供整车动力系统解决方案，一直聚焦于未来纯电动汽车变速器的研发与匹配。主营产品包括纯电动车两挡及多挡自动变速器、纯电动乘用车集成式电驱动总成、纯电动商用车电驱动车桥、P4混合动力总成及混合动力专用变速器。主营服务包括新能源汽车及传统车型动力传动系统的结构优化、性能提升、控制策略开发、匹配标定、对标评估等业务。,绿传（北京）汽车科技股份有限公司,蔚来控股有限公司
19,武汉蔚能电池,C轮,2020-08-18,武汉市,武汉蔚能电池成立于2020年8月，是蔚来汽车旗下的电池业务公司，致力于打造基于“车电分离”模式下的电池资产管理业务，通过电池租用服务BaaS，提供车电分离、电池租用、可充可换可升级的全面服务。用户在购车时不需购买电池包，根据自身实际使用需求选择租用不同容量的电池包，按月支付服务费，并且和电池购买用户一样，可享受换电服务和电池灵活升级服务。,武汉蔚能电池资产有限公司,蔚来控股有限公司
20,至星,种子轮,2022-09-27,北京市,至星是一家电动汽车品牌，集优秀设计、专业性能、智能科技于一体，主要从事高端电动越野车设计、制造业务。,至星（北京）信息技术有限公司,蔚来控股有限公司
1,理想汽车,IPO,2015-04-10,北京市,理想汽车是一家智能新能源汽车研发商，专注于提供智能交通工具研发和服务。计划推出两款产品：SEV将满足城市1~2人的短途出行，SUV则将满足家庭用户中长途的出行需要。,北京车和家信息技术有限公司,湖北芯擎科技股份有限公司
2,爱驰汽车,C轮,2017-02-15,上饶市,爱驰汽车是一家智能电动汽车制造商，专注于从事电动化模块平台、VCU整车控制器、电池包技术、电机系统等部件的研发与设计，帮助用户解决汽车充电问题。此外，现公司正进行人工智能、机器视觉、深度学习智能线控等技术在智能汽车领域的应用开发。,爱驰汽车有限公司,湖北芯擎科技股份有限公司
3,游侠汽车,B+轮,2017-05-11,上海市,游侠汽车是一家新成立的电动汽车技术公司。国内顶尖家发布完整纯电动概念汽车产品（YOUXIA X）的科技型企业，通过打造具有全新人车智能交互系统的高性能电动汽车，加速领跑全球可持续化能源梦想。,上海游侠汽车有限公司,湖北芯擎科技股份有限公司
4,零跑汽车,定向增发,2015-12-24,杭州市,零跑汽车成立于2015，是一家创新型的智能电动车企业，业务范围涵盖智能电动汽车整车设计、研发制造、智能驾驶、电机电控、电池系统开发，以及基于云计算的车联网解决方案等。,浙江零跑科技股份有限公司,湖北芯擎科技股份有限公司
5,智己汽车,B+轮,2020-12-25,上海市,智己汽车成立于2020年，是一家高端智能纯电汽车研发商，智己汽车打造全新的电子电器架构，从底层打通整车与驾乘体验高度相关的ECU控制器，将客户场景和汽车感知充分融合。,智己汽车科技有限公司,湖北芯擎科技股份有限公司
6,博郡汽车,A+轮,2016-12-13,南京市,博郡汽车是一家智能电动汽车研发商，依托于底盘平台、整车性能、三电技术、轻量化工艺及智能驾驶系统方案核心，专注于中高端电动汽车、智能汽车系统、车联网服务的设计与开发，致力于为用户提供安全可靠的智能电动汽车产品体验。,南京博郡新能源汽车有限公司,湖北芯擎科技股份有限公司
7,广汽埃安,A轮,2017-07-28,广州市,广汽埃安新能源是一家智联新能源汽车研发商，公司已经打造了纯电动汽车产品，后续将逐步导入其他轿车、SUV等纯电动车型。公司已经研发了GA3S PHEV、GS4 PHEV和纯电动的GE3三款车型。,广汽埃安新能源汽车股份有限公司,湖北芯擎科技股份有限公司
8,阿维塔科技,股权转让,2018-07-10,重庆市,阿维塔科技成立于2018年，致力于探索面向未来的人性化出行科技，为用户创造情感智能出行体验。作为智能电动汽车（SEV）新赛道的探索者，阿维塔科技致力于打造国际化高端SEV品牌。得益于长安汽车、华为、宁德时代，分别在整车研发智造、智能汽车解决方案和智慧能源生态领域为阿维塔科技赋能，三方共同开创全新一代智能电动汽车技术平台CHN，具备“新架构、强计算、高压充电”三大特征。基于全新的合作模式，阿维塔科技将SEV产业的核心能力真正掌握在了中国人自己手中。公司总部位于中国重庆，并在上海及德国慕尼黑设有分部。,阿维塔科技（重庆）股份有限公司,湖北芯擎科技股份有限公司
9,SITECH新特,A+轮,2017-09-01,贵阳市,新特汽车是一家新能源电动汽车研发商。拥有高效独立电动汽车全体系研发能力，依托国家大数据中心数据和智能资源优势，是国内新兴的全球化智能电动汽车设计研发制造企业以及全生态服务商。新特汽车创立之初就开始了全球化布局，目前已在贵安新区、北京、杭州、美国硅谷、意大利都灵等地设立了研发制造中心、企业资本中心、整车研发中心、车联网及智能驾驶研发中心和造型设计中心。,贵安新区新特电动汽车工业有限公司,湖北芯擎科技股份有限公司
10,悠跑科技,B轮,2021-04-19,上海市,悠跑科技成立于2021年，是一家智能电动车研发商。致力于提供创新的电动智能汽车解决方案，其超级VAN系列凭借标准化、模块化的滑板底盘技术，已成为极具市场竞争力的突破性产品。通过提供极致标准化的UP超级底盘，可将整车研发有效缩短6-12个月，助力所有场景拥有者实现造车自由。,上海悠跑网络科技有限公司,湖北芯擎科技股份有限公司
11,高合汽车,A轮,2020-06-19,上海市,高合汽车是一家纯电智能汽车研发及生产商，旗下拥有品牌“高合HiPhi”，搭载双冗余L3自动驾驶、360度环抱式全景行车环境感知系统等技术。,高合（上海）汽车售后服务有限公司,湖北芯擎科技股份有限公司
12,途柚汽车,天使轮,2019-07-08,厦门市,途柚汽车是一个新能源电动汽车品牌，从城市通勤智能代步车细分领域切入互联网造车，对标特斯拉和蔚来的“车+能源网络”模式，定位高安全、高智能、高性价比可代步可远行的新能源智能汽车。通过车电分离的新能源智能汽车、兼容汽车和电动自行车的智能识别动力电池包以及智能新能源换电站，途柚智能汽车旨在构建“车+能源网络”的智慧绿色能源生态系统。,福建途柚新能源汽车集团有限公司,湖北芯擎科技股份有限公司
13,帝亚一维,C轮,2017-02-25,宁波市,帝亚一维是一家电动汽车研发商，旗下研发出了紧凑型跨界SUV，其车身采用新型智能BMS算法，智能驾驶核心技术以及驱动系统的系统热、电、结构一体化集成，可实现快速充电功能。,帝亚一维新能源汽车有限公司,湖北芯擎科技股份有限公司
14,哪吒汽车,Pre-IPO,2014-10-16,嘉兴市,哪吒汽车是合众汽车旗下汽车产品品牌，合众汽车是一家新能源汽车研发商，主要产品包括电动物流车、纯电动乘用车等，将电池、驱动系统、悬挂和碰撞防护功能在底盘中整合成一个独立的铝制结构，减轻车身自有重量，配以智能驾驶技术。,合众新能源汽车股份有限公司,湖北芯擎科技股份有限公司
15,Future Mobility Corporation,B轮,2017-07-27,香港特别行政区,Future Mobility Corporation是一家互联网智能造车公司，致力于打造互联网+智能电动汽车。,Future Mobility Corporation Limited,湖北芯擎科技股份有限公司
16,歌昂,未融资,-,-,歌昂是一家豪华电动汽车研发商，专注于从事新能源汽车的开发与设计，其产品将搭载智能化操作系统，并具有自动驾驶功能。通过与汽车设计服务商合作，预计首款概念车线条图即将发布。,-,湖北芯擎科技股份有限公司
17,洛轲智能,D+轮,2021-01-08,上海市,洛轲智能是一家新能源智能汽车整车制造商，专注于提供汽车产品和服务，致力于通过在新能源动力、智能座舱、自动驾驶等领域的创新打造智能汽车，提升用户出行的体验，旗下拥有车辆的控制方法、装置、设备及介质、增程式热管理系统和增程式车辆等专利。,上海洛轲智能科技有限公司,湖北芯擎科技股份有限公司
18,绿传科技,Pre-A轮,2019-12-24,北京市,绿传科技是一家新能源汽车驱动与传动系统研发商，致力于新能源汽车智能、高效动力总成产品研发、生产、销售及提供整车动力系统解决方案，一直聚焦于未来纯电动汽车变速器的研发与匹配。主营产品包括纯电动车两挡及多挡自动变速器、纯电动乘用车集成式电驱动总成、纯电动商用车电驱动车桥、P4混合动力总成及混合动力专用变速器。主营服务包括新能源汽车及传统车型动力传动系统的结构优化、性能提升、控制策略开发、匹配标定、对标评估等业务。,绿传（北京）汽车科技股份有限公司,湖北芯擎科技股份有限公司
19,武汉蔚能电池,C轮,2020-08-18,武汉市,武汉蔚能电池成立于2020年8月，是蔚来汽车旗下的电池业务公司，致力于打造基于“车电分离”模式下的电池资产管理业务，通过电池租用服务BaaS，提供车电分离、电池租用、可充可换可升级的全面服务。用户在购车时不需购买电池包，根据自身实际使用需求选择租用不同容量的电池包，按月支付服务费，并且和电池购买用户一样，可享受换电服务和电池灵活升级服务。,武汉蔚能电池资产有限公司,湖北芯擎科技股份有限公司
20,至星,种子轮,2022-09-27,北京市,至星是一家电动汽车品牌，集优秀设计、专业性能、智能科技于一体，主要从事高端电动越野车设计、制造业务。,至星（北京）信息技术有限公司,湖北芯擎科技股份有限公司
1,复睿微电子,Pre-A轮,2022-01-27,合肥市,复睿微电子是一家高性能芯片研发商，专注于为汽车电子、人工智能、通用计算等领域提供以高性能芯片为基础的解决方案，主要从事汽车智能座舱、ADAS芯片研发，以前沿的芯片设计能力和人工智能算法。,合肥复睿微电子有限公司,上海星思半导体股份有限公司
2,比科奇微电子,C+轮,2019-09-02,杭州市,比科奇微电子成立于2019年9月，总部位于杭州，是全球技术先进的基带芯片科技企业。公司为5G/5.5G/6G/卫星通信设备商提供高性能低功耗可编程的系统级基带芯片（SoC）和电信级软件，以及适用于各场景的基带板卡和解决方案，为空天地一体化通信提供底层算力。比科奇的核心产品可实现“一芯多用”，覆盖无人机低空通信、卫星互联网NTN通信、地面4G/5G移动通信、工业互联网、车联网等多元场景，已获工信部“芯片自主可控认证”，产品进入国内头部卫星运营商、三大通信运营商供应链体系。,比科奇微电子（杭州）有限公司,上海星思半导体股份有限公司
3,汇芯通信,股权转让,2019-03-29,深圳市,汇芯通信是一家5G高频器件生产商，集5G技术研发、人才培养、平台搭建、产学研合作于一体，专注于为用户提供毫米波器件等产品，广泛应用于半导体、通信等领域。,深圳市汇芯通信技术有限公司,上海星思半导体股份有限公司
4,优镓科技,A轮,2019-10-28,苏州市,优镓科技是一家专注于高性能射频氮化镓功率放大器的芯片设计公司，以先进的高效线性功放芯片电路设计方法和经验积累为核心，使用第三代半导体氮化镓材料，自主研发面向5G通信、卫星通讯等应用领域的射频功放芯片。,苏州优镓半导体科技有限公司,上海星思半导体股份有限公司
5,速通半导体,A+轮,2018-07-18,苏州市,速通半导体是一家无晶圆半导体研发生产商，主要经营范围是半导体集成电路的研发、设计、销售；研发、销售芯片；电子产品、仪表仪器、机械设备的销售；通信科技技术、软件科技领域内的技术开发、技术咨询、技术服务等。专注于发展下一代无线片上系统的无晶圆半导体。,苏州速通半导体科技有限公司,上海星思半导体股份有限公司
1,复睿微电子,Pre-A轮,2022-01-27,合肥市,复睿微电子是一家高性能芯片研发商，专注于为汽车电子、人工智能、通用计算等领域提供以高性能芯片为基础的解决方案，主要从事汽车智能座舱、ADAS芯片研发，以前沿的芯片设计能力和人工智能算法。,合肥复睿微电子有限公司,上海星环聚能科技有限公司
2,比科奇微电子,C+轮,2019-09-02,杭州市,比科奇微电子成立于2019年9月，总部位于杭州，是全球技术先进的基带芯片科技企业。公司为5G/5.5G/6G/卫星通信设备商提供高性能低功耗可编程的系统级基带芯片（SoC）和电信级软件，以及适用于各场景的基带板卡和解决方案，为空天地一体化通信提供底层算力。比科奇的核心产品可实现“一芯多用”，覆盖无人机低空通信、卫星互联网NTN通信、地面4G/5G移动通信、工业互联网、车联网等多元场景，已获工信部“芯片自主可控认证”，产品进入国内头部卫星运营商、三大通信运营商供应链体系。,比科奇微电子（杭州）有限公司,上海星环聚能科技有限公司
3,汇芯通信,股权转让,2019-03-29,深圳市,汇芯通信是一家5G高频器件生产商，集5G技术研发、人才培养、平台搭建、产学研合作于一体，专注于为用户提供毫米波器件等产品，广泛应用于半导体、通信等领域。,深圳市汇芯通信技术有限公司,上海星环聚能科技有限公司
4,优镓科技,A轮,2019-10-28,苏州市,优镓科技是一家专注于高性能射频氮化镓功率放大器的芯片设计公司，以先进的高效线性功放芯片电路设计方法和经验积累为核心，使用第三代半导体氮化镓材料，自主研发面向5G通信、卫星通讯等应用领域的射频功放芯片。,苏州优镓半导体科技有限公司,上海星环聚能科技有限公司
5,速通半导体,A+轮,2018-07-18,苏州市,速通半导体是一家无晶圆半导体研发生产商，主要经营范围是半导体集成电路的研发、设计、销售；研发、销售芯片；电子产品、仪表仪器、机械设备的销售；通信科技技术、软件科技领域内的技术开发、技术咨询、技术服务等。专注于发展下一代无线片上系统的无晶圆半导体。,苏州速通半导体科技有限公司,上海星环聚能科技有限公司
1,复睿微电子,Pre-A轮,2022-01-27,合肥市,复睿微电子是一家高性能芯片研发商，专注于为汽车电子、人工智能、通用计算等领域提供以高性能芯片为基础的解决方案，主要从事汽车智能座舱、ADAS芯片研发，以前沿的芯片设计能力和人工智能算法。,合肥复睿微电子有限公司,能量奇点能源科技(上海)有限公司
2,比科奇微电子,C+轮,2019-09-02,杭州市,比科奇微电子成立于2019年9月，总部位于杭州，是全球技术先进的基带芯片科技企业。公司为5G/5.5G/6G/卫星通信设备商提供高性能低功耗可编程的系统级基带芯片（SoC）和电信级软件，以及适用于各场景的基带板卡和解决方案，为空天地一体化通信提供底层算力。比科奇的核心产品可实现“一芯多用”，覆盖无人机低空通信、卫星互联网NTN通信、地面4G/5G移动通信、工业互联网、车联网等多元场景，已获工信部“芯片自主可控认证”，产品进入国内头部卫星运营商、三大通信运营商供应链体系。,比科奇微电子（杭州）有限公司,能量奇点能源科技(上海)有限公司
3,汇芯通信,股权转让,2019-03-29,深圳市,汇芯通信是一家5G高频器件生产商，集5G技术研发、人才培养、平台搭建、产学研合作于一体，专注于为用户提供毫米波器件等产品，广泛应用于半导体、通信等领域。,深圳市汇芯通信技术有限公司,能量奇点能源科技(上海)有限公司
4,优镓科技,A轮,2019-10-28,苏州市,优镓科技是一家专注于高性能射频氮化镓功率放大器的芯片设计公司，以先进的高效线性功放芯片电路设计方法和经验积累为核心，使用第三代半导体氮化镓材料，自主研发面向5G通信、卫星通讯等应用领域的射频功放芯片。,苏州优镓半导体科技有限公司,能量奇点能源科技(上海)有限公司
5,速通半导体,A+轮,2018-07-18,苏州市,速通半导体是一家无晶圆半导体研发生产商，主要经营范围是半导体集成电路的研发、设计、销售；研发、销售芯片；电子产品、仪表仪器、机械设备的销售；通信科技技术、软件科技领域内的技术开发、技术咨询、技术服务等。专注于发展下一代无线片上系统的无晶圆半导体。,苏州速通半导体科技有限公司,能量奇点能源科技(上海)有限公司
1,复睿微电子,Pre-A轮,2022-01-27,合肥市,复睿微电子是一家高性能芯片研发商，专注于为汽车电子、人工智能、通用计算等领域提供以高性能芯片为基础的解决方案，主要从事汽车智能座舱、ADAS芯片研发，以前沿的芯片设计能力和人工智能算法。,合肥复睿微电子有限公司,上海泰氢晨能源科技有限公司
2,比科奇微电子,C+轮,2019-09-02,杭州市,比科奇微电子成立于2019年9月，总部位于杭州，是全球技术先进的基带芯片科技企业。公司为5G/5.5G/6G/卫星通信设备商提供高性能低功耗可编程的系统级基带芯片（SoC）和电信级软件，以及适用于各场景的基带板卡和解决方案，为空天地一体化通信提供底层算力。比科奇的核心产品可实现“一芯多用”，覆盖无人机低空通信、卫星互联网NTN通信、地面4G/5G移动通信、工业互联网、车联网等多元场景，已获工信部“芯片自主可控认证”，产品进入国内头部卫星运营商、三大通信运营商供应链体系。,比科奇微电子（杭州）有限公司,上海泰氢晨能源科技有限公司
3,汇芯通信,股权转让,2019-03-29,深圳市,汇芯通信是一家5G高频器件生产商，集5G技术研发、人才培养、平台搭建、产学研合作于一体，专注于为用户提供毫米波器件等产品，广泛应用于半导体、通信等领域。,深圳市汇芯通信技术有限公司,上海泰氢晨能源科技有限公司
4,优镓科技,A轮,2019-10-28,苏州市,优镓科技是一家专注于高性能射频氮化镓功率放大器的芯片设计公司，以先进的高效线性功放芯片电路设计方法和经验积累为核心，使用第三代半导体氮化镓材料，自主研发面向5G通信、卫星通讯等应用领域的射频功放芯片。,苏州优镓半导体科技有限公司,上海泰氢晨能源科技有限公司
5,速通半导体,A+轮,2018-07-18,苏州市,速通半导体是一家无晶圆半导体研发生产商，主要经营范围是半导体集成电路的研发、设计、销售；研发、销售芯片；电子产品、仪表仪器、机械设备的销售；通信科技技术、软件科技领域内的技术开发、技术咨询、技术服务等。专注于发展下一代无线片上系统的无晶圆半导体。,苏州速通半导体科技有限公司,上海泰氢晨能源科技有限公司
1,考克利尔竞立,股权融资,2018-12-26,苏州市,考克利尔竞立致力于提供全球一流的绿色氢能制取解决方案。2019年，比利时考克利尔集团在承接了苏州竞立制氢设备有限公司全部的人员和知识产权的基础上，增大研发力量，增添设备，并扩大了产能成立了国际化品牌考克利尔竞立，并将考克利尔竞立定位为考克利尔集团氢能业务在中国区的总部。,考克利尔竞立（苏州）氢能科技有限公司,上海毅镤新能源科技有限公司
2,阳光氢能,A轮,2021-06-18,合肥市,阳光氢能是阳光电源子公司，自主研发、生产PWM制氢电源、碱性电解槽、PEM电解槽、分离纯化系统及智慧氢能管理系统。阳光氢能建成国内前沿的20MW电解水制氢系统综合测试平台、可再生能源柔性制氢及氢储能发电实证平台、产品研发中心、制氢材料研究中心，以及全球前沿的制氢装备制造工厂。,阳光氢能科技有限公司,上海毅镤新能源科技有限公司
3,本德新能源,未融资,2018-11-23,嘉兴市,本德是一家世界级制氢技术供应商，为合作伙伴提供前沿的、为中国清洁科技打造的氢能解决方案，致力于推进并实现氢气发生器和氢气提纯器的商业化。,浙江本德新能源科技有限公司,上海毅镤新能源科技有限公司
4,淳华氢能,未融资,2015-06-15,东莞市,淳华氢能科技股份有限公司成立于2015年6月15日，是一家从事氢能源产业开发的高科技企业，主要致力于PEM电解水制氢技术、储氢技术和氢能应用产品的开发、设备的生产和销售，氢能行业产业链的投资整合以及氢能小镇、氢能环保城市的基础设施建设。公司位于广东省东莞市松山湖国家高新技术开发区，现有强大的技术研发团队，在各自领域都有着丰富的经验和影响力。,淳华氢能科技股份有限公司,上海毅镤新能源科技有限公司
5,绿萌氢能,天使轮,2014-09-24,苏州市,绿萌氢能是一个制氢及氢能设备研发商，公司致力于氢能全生态的整合，产品覆盖“可再生能源制氢(气)一体化解决方案”、水电解制氢设备、制氢设备、氢能储存系统、氢燃料电池备用电源以及氢气加注系统等。,苏州绿萌氢能科技有限公司,上海毅镤新能源科技有限公司
6,锦美氢源,天使轮,2021-05-17,天津市,锦美氢源成立于2021年5月，位于天津市，致力于绿氢高端装备制造，主要产品包括集中式、分布式、可移动式、微型制氢设备及氢能应用系统解决方案，应用于制加氢一体站、天然气掺氢、绿氢化工、氢冶金、实验室用氢等行业。,天津锦美氢源科技发展有限公司,上海毅镤新能源科技有限公司
7,HydrogenPro,未融资,2013-01-01,-,HydrogenPro成立于2013年，是一家大型绿色制氢工厂高压碱性电解槽系统的原始设备制造商，开创绿色氢能技术解决方案。,-,上海毅镤新能源科技有限公司
8,安思卓新能源,未融资,2017-06-02,南通市,公司拥有世界前沿的新能源水电解制氢技术、光解催化制氢技术、氢燃料电池应用技术和常温常压储氢技术等，覆盖了氢能源制备、储运和应用等核心环节。,南通安思卓新能源有限公司,上海毅镤新能源科技有限公司
9,Ohmium,C轮,-,-,Ohmium是美国一家绿色氢能服务商，专注于设计和制造聚合物电解质膜电解槽，能够生产加压高纯度氢气，主要通过电解槽技术设计和建造氢气生产设施，致力于为制氢设施设计、建造和提供运营和维护服务。,-,上海毅镤新能源科技有限公司
10,中电制氢,未融资,2008-09-25,扬州市,中电制氢是一家水电解制氢设备研发商，提供SDQ经济型制氢设备、SDQ节能增安型制氢设备、SDQ-W无石棉系列制氢设备、CHE一体机、CHE柜机、各种氢气回收设备等系列产品。,中集中电（扬州）制氢设备有限公司,上海毅镤新能源科技有限公司
11,海德明能,B+轮,2021-12-08,南京市,海德明能成立于2021年，是一家可再生能源制氢储能服务商。面向碳中和愿景而生，致力于引领绿氢行业技术创新，以值得信赖的先进产品和数字化平台服务，为全球新能源应用提供绿氢制取、氢储能及氢安全解决方案。,海德明能（南京）新能源科技有限公司,上海毅镤新能源科技有限公司
12,华秦新能源,未融资,2010-04-26,西安市,华秦新能源成立于2010年，是一家水电解制氢装备服务提供商，从事水电解制氢装备研发、生产、销售及氢能营运，专业提供制氢、纯化、储氢、运氢、加氢及氢能数据管理的一站式解决方案。,陕西华秦新能源科技有限责任公司,上海毅镤新能源科技有限公司
13,Oort Energy,种子轮,-,-,Oort Energy利用专利的聚合物电解质膜（PEM）电解槽技术制造氢电解槽，从而降低绿色制氢成本。该公司的产品旨在从水和可再生电力中生产清洁氢气。,-,上海毅镤新能源科技有限公司
14,氢锐科技,天使轮,2022-07-14,上海市,氢锐科技是一家氢气制造服务商，围绕PEM电解水制氢的新材料、新结构、新方法与新技术建设研发中心，为下一代PEM电解水制氢产品开发作技术准备。,上海氢锐科技有限公司,上海毅镤新能源科技有限公司
15,亿孚氢能,天使+轮,2020-09-21,嘉兴市,亿孚氢能成立于2020年，是一家集设计、研发、生产、销售为一体的科技创新型技术企业，拥有独立的知识产权和完备的技术团队。公司致力于构建新型绿色能源基础设施，深度融合数字化创新科技，为清洁能源的发展及能源数字化提供持续动力。公司业务覆盖AEM电解水制氢设备、SOEC/SOFC、IGFC/IGCC、燃料电池等多个行业，专注于为客户提供专业的氢能全产业链系统解决方案、多元能源耦合解决方案、多元零碳动力解决方案等。,浙江亿孚氢能装备有限公司,上海毅镤新能源科技有限公司
16,清能新能源,A轮,2020-10-12,佛山市,清能新能源成立于2020年10月，是全球氢能一体化设备提供商，专注于氢能技术在氢气制取以及应用端的研发与商业化推广。主营业务覆盖电解水制氢、燃料电池及氢能装备三大板块。,广东清能新能源技术有限公司,上海毅镤新能源科技有限公司
17,瑞麟科技,股权转让,2008-06-17,深圳市,瑞麟科技成立于2008年，总部位于中国深圳，专注于绿色清洁能源领域的研究，氢气发生器的制造及各领域用氢解决方案。,深圳市瑞麟科技有限公司,上海毅镤新能源科技有限公司
18,俊瑞绿氢能源,未融资,2023-02-21,乌鲁木齐市,俊瑞绿氢能源以“1+N”绿氢相关产业布局，定位以“绿电规模化制绿氢(可再生能源发电离网运行电解水制氢)”为主业，多元化投资运营“风电及光伏、零碳制氢园区、 绿氢消纳应用、绿氢输送（西氢东输管道）、氢能智慧化管理平台，以及荒漠化土地治理、林光农牧生态一体化发展” 等，致力于依托新疆资源禀赋和产业特点，发展低碳绿色产业，助力国家生态文明建设。,俊瑞绿氢能源（集团）有限公司,上海毅镤新能源科技有限公司
19,翌晶能源,Pre-A轮,2020-09-24,上海市,翌晶能源成立于2020年，位于上海嘉定区，专注于绿色高效的可再生能源制氢系统的开发，主要业务包括：固体氧化物燃料电池的核心元件和关键材料、SOEC电解制氢系统、SOFC发电系统、SOFC/SOEC联用储能调峰系统和新型电化学工厂电解生产设备，并提供氢能与风电光伏等可再生能源系统相互耦合的综合能源系统解决方案。,上海翌晶能源技术有限公司,上海毅镤新能源科技有限公司
20,鑫思创氢能,A轮,2020-11-23,苏州市,鑫思创氢能成立于2020年，专注于氢能源技术研发与应用实践，充分融合风电、光伏、水电等非碳排放新能源，布局氢能领域的绿色电力、绿色交通、绿色化工；聚焦氢能技术研发与产品制造工艺，可再生能源制氢储能、氢能源综合联供、绿氢链能化产品（零碳合成氨、绿色甲醇）等，打造氢能源制、储、运、加、用全产业链发展模式。,苏州鑫思创氢能源科技有限公司,上海毅镤新能源科技有限公司
1,源正细胞,未融资,2013-07-11,深圳市,源正细胞是一家细胞治疗技术研发商，主要从事细胞治疗技术研究开发和技术服务，主要开展抗肿瘤、抗病毒、抗衰老等各类免疫细胞治疗技术和以细胞为载体的基因治疗技术的研究推广。,深圳源正细胞医疗技术有限公司,恒瑞源正(上海)生物科技股份有限公司
2,卡提医学,A+轮,2017-07-05,南京市,卡提医学是一家专注于免疫细胞治疗新技术研发与应用的高科技公司，拥有创新型CAR结构设计、病毒及细胞培养等高壁垒的技术平台。,南京卡提医学科技有限公司,恒瑞源正(上海)生物科技股份有限公司
3,华大吉诺因,A+轮,2017-02-16,武汉市,华大吉诺因是一家肿瘤免疫细胞治疗研发商，致力于肿瘤免疫细胞治疗技术的研发，通过利用生命数字化技术，全方位激发人体免疫系统对抗肿瘤的活力，并开发靶向肿瘤特异抗原的预防与治疗方案。,武汉华大吉诺因生物科技有限公司,恒瑞源正(上海)生物科技股份有限公司
4,茂行生物,A轮,2020-12-25,宁波市,苏州茂行生物科技有限公司主要从事细胞治疗技术领域内的技术开发、服务、咨询等。以肿瘤细胞免疫治疗技术与产品研发为主要发展目标、以临床技术服务为主要业务的高科技企业。,宁波茂行生物医药科技有限公司,恒瑞源正(上海)生物科技股份有限公司
5,乾境生物,B轮,2019-08-30,北京市,乾境生物成立于2019年，致力于以免疫细胞治疗为核心的细胞疗法研究和药物临床开发，通过细胞技术研发平台、药物研发平台、细胞自动化制备技术开发平台提供干细胞技术、免疫细胞技术基因工程技术等生物医学技术服务，守护人类的生命与健康。,乾境生物技术有限公司,恒瑞源正(上海)生物科技股份有限公司
6,沙砾生物,C轮,2019-11-26,北京市,沙砾生物成立于2019年，是一家专注于肿瘤免疫细胞治疗，以肿瘤浸润淋巴细胞（ “TIL”）药物为代表研发管线的创新型医药公司，拥有国际先进的技术储备和产业资源，旨在打造开创性的实体瘤细胞药物，为广大肿瘤病患带来新的希望。,北京沙砾生物医药股份有限公司,恒瑞源正(上海)生物科技股份有限公司
7,拓谱康生物,未融资,2014-07-23,广州市,拓谱康生物是一家免疫细胞治疗技术研发商，提供非靶向免疫细胞治疗、干细胞治疗技术、HCTL 研究项目等治疗技术。,广东拓谱康生物科技有限公司,恒瑞源正(上海)生物科技股份有限公司
8,恒润达生,股权融资,2015-07-20,上海市,恒润达生成立于2015年，专注于突破性免疫细胞治疗药物研发与生产的创新生物医药公司，主要聚焦恶性血液病和实体肿瘤等治疗领域。恒润达生以自主研发CAR-T细胞治疗产品为先导，同步布局CAR-NK等国际前沿技术的产品开发管线，旨在开发安全、有效、成本可控、惠及更多患者的免疫细胞治疗产品。,上海恒润达生生物科技股份有限公司,恒瑞源正(上海)生物科技股份有限公司
9,永泰生物,IPO,2006-11-20,北京市,永泰生物是一家细胞免疫技术研发商，利用免疫学、细胞生物学、遗传学等理论，结合国际过继免疫治疗方式，为用户提供EAL、AADC、EB病毒/巨细胞病毒特异性杀伤性的T淋巴细胞等产品，用于治疗宫颈病变、改善患者免疫功能等领域。,北京永泰生物制品有限公司,恒瑞源正(上海)生物科技股份有限公司
10,可瑞生物,Pre-A+轮,2016-03-22,北京市,可瑞生物成立于2016年，是一家肿瘤免疫治疗技术研发商，主要致力于抗肿瘤免疫治疗技术的研发，基因编辑产品的开发和服务，以及遗传疾病基因治疗的探索。可瑞生物通过技术革新，建立了快速、高效的SMART—TCR亲和力优化平台，可以为实体肿瘤的细胞免疫治疗提供治疗性TCR产品。,北京可瑞生物科技有限公司,恒瑞源正(上海)生物科技股份有限公司
11,五康生物,未融资,2011-04-20,北京市,五康生物是一家肿瘤细胞生物治疗研发商，拥有分子生物学、细胞免疫学及蛋白质发酵纯化等技术平台，致力于研发免疫细胞培养、肿瘤相关抗原、新型肿瘤疫苗、抗体制备及免疫细胞活性检测等技术与产品。,北京五康新兴科技有限公司,恒瑞源正(上海)生物科技股份有限公司
12,英百瑞,B轮,2014-03-11,杭州市,英百瑞成立于2014年，从事肿瘤和免疫类疾病的治疗，专注于创新型通用现货CAR-NK细胞疗法的开发，通过其原创的技术平台，研发出一系列细胞和抗体药物，致力于解决临床未满足的疾病，多个产品管线正在同步推向临床。,英百瑞（杭州）生物医药股份有限公司,恒瑞源正(上海)生物科技股份有限公司
13,永生部落,天使轮,2024-09-19,黄山市,永生部落成立于2024年，是一家专注于免疫细胞与干细胞新药研发和产业化的生命科学研究型公司。聚焦靶向实体瘤通用型CAR-NK细胞平台的开发，布局肺癌、甲状腺癌、肝癌、胃癌、肠癌、乳腺癌、宫颈癌等常见实体肿瘤，为全球肿瘤患者提供有效的基因编辑类的细胞治疗药物、肿瘤mRNA疫苗及器官再生，致力于用基因与细胞技术助力人类抗击肿瘤、神经性退变，抗衰老延长人类寿命乃至助人永生。,黄山永生部落干细胞科技有限公司,恒瑞源正(上海)生物科技股份有限公司
14,天锐生物,未融资,2015-11-11,天津市,天锐生物是一家免疫治疗技术和产品研发商，主要从事创新免疫治疗技术和产品的开发、推广和应用，并拥有抗体靶向技术和T细胞介导免疫治疗技术，以及MAR、TriTE和MAR-T三大创新技术平台，产品包括MAR-T、CAR-T以及基于MAR的双特异性抗体和特殊抗体融合蛋白等。,天津天锐生物科技有限公司,恒瑞源正(上海)生物科技股份有限公司
15,鸣大生物,未融资,2014-10-15,上海市,鸣大生物是一家肿瘤免疫治疗服务商，致力于现代生物医药科技的应用转化，引进并合作开发国外先进的肿瘤诊断及免疫治疗技术。公司目前主要从事治疗性肿瘤疫苗、循环肿瘤细胞检测、免疫细胞和干细胞技术的开发及应用转化工作。,上海鸣大生物科技有限公司,恒瑞源正(上海)生物科技股份有限公司
16,隆耀生物,天使轮,2013-09-16,上海市,隆耀生物致力于肿瘤免疫细胞技术及产品研发、产品技术转化、产品注册申报，是以研发及产品开发为主的国家高新科技企业，产品覆盖血液瘤、实体瘤等领域。,上海隆耀生物科技有限公司,恒瑞源正(上海)生物科技股份有限公司
17,普瑞昇,B+轮,2015-07-16,合肥市,普瑞昇成立于2015年，是一家以“细胞工程”为核心的生物医学类高科技公司。利用核心病毒转基因、CRISPR/CAS9基因编辑、新型细胞条件重编程（CRC）等技术，自主构建了三大细胞工程核心技术平台，包括癌症激酶靶点BaF3工程细胞库、基因编辑肿瘤细胞库、可再生原代癌症细胞生物银行。公司下设合肥普瑞昇医学检验所和安徽省精准用药技术工程实验室，致力于提供创新药物评价技术服务，以及药物临床精准应用评估技术服务。,合肥中科普瑞昇生物医药科技有限公司,恒瑞源正(上海)生物科技股份有限公司
18,吉盛澳玛,A轮,2021-05-17,南京市,吉盛澳玛成立于2021年，是一个生物制药服务商，聚焦于发现和开发创新免疫疗法，用于治疗包括癌症在内的呼吸系统疾病，公司目前已经建立了包括核酸药物研发、呼吸道制剂及递送、先天免疫抗体研发在内的多种创新药物研发平台。,南京吉盛澳玛生物医药有限公司,恒瑞源正(上海)生物科技股份有限公司
1,智康弘义,B轮,2017-12-28,无锡市,智康弘义成立于2017年，专注于肿瘤、自身免疫性等疾病领域内“Best-in-Class”和“First-in-Class”创新药物的发现、开发、临床试验及商业化，截至目前公司已有多项创新药顺利进入临床阶段。,无锡智康弘义生物科技有限公司,上海宇耀生物科技有限公司
2,科辉智药,A轮,2018-09-27,无锡市,科辉智药是一家AI驱动的创新药研发平台，致力于解决神经退行性疾病、肿瘤和自身免疫性疾病的药物开发公司。公司拥有一体化的AI/CADD研发系统和经验丰富的顶尖科学家团队（AI+HI理念的有机结合），已成功发现多个全球药物靶点的先导化合物。,科辉智药生物科技（无锡）有限公司,上海宇耀生物科技有限公司
3,元启制药,天使+轮,2020-11-17,苏州市,元启制药是一家新药研发商，基于生物学的深刻理解和多种研究策略，结合靶点结构研究技术、人工智能技术等新兴技术，针对包括GPCR靶点在内的具有挑战性的靶点进行探索性研究工作。,元启（苏州）生物制药有限公司,上海宇耀生物科技有限公司
4,药捷安康,定向增发,2014-04-15,南京市,药捷安康是一家小分子创新药物研发商，涵盖从项目研究阶段、项目开发阶段、项目临床阶段一系列完整的创新药物研发体系，目前自主研发的数个项目包括靶向肿瘤、免疫抗癌、心血管等疾病领域。,药捷安康（南京）科技股份有限公司,上海宇耀生物科技有限公司
5,多玛医药,A轮,2021-09-16,苏州市,多玛医药是一家新型医药研发商，专注于开发拥有自主知识产权的创新药物管线和生物技术，打造创新生命科学产业集群，并研发用于治疗肿瘤等疾病的创新药物，致力于为患者提供相关的医药产品及服务。,多玛医药科技（苏州）有限公司,上海宇耀生物科技有限公司
6,斯迈旭生物,股权转让,2022-09-13,苏州市,斯迈旭生物成立于2022年，是一家创新药物研发商，致力于以生物医药研发的新技术、新方法为核心，为癌症、炎症、自身免疫疾病及其它慢性病开发全球新一代的First-in-class小分子药物。,斯迈旭（苏州）生物科技有限公司,上海宇耀生物科技有限公司
7,洛启生物,B+轮,2017-10-16,上海市,洛启生物成立2017年10月，是一家纳米抗体新药研发商，致力于创新生物药成果产业化和靶向免疫抗癌药物的研发，通过纳米抗体新药研发体系，将纳米抗体早期筛选研发和候选药物的后期工艺开发有效结合，已建立起一条包括多个纳米抗体新药品种的产品链，业务覆盖肿瘤、眼底病、自身免疫疾病、心血管病等疾病领域。,上海洛启生物医药技术有限公司,上海宇耀生物科技有限公司
8,玉曜生物,战略融资,2014-04-30,上海市,玉曜生物是一家生物医药研发商。其主要开展以知识产权管理为价值支点的创新药物设计、研发和产业化转化业务。目前已有一个创新小分子药物正在开展Ⅲ期临床研究工作，同时负责新药项目管理、分子药理学研究、基因重组蛋白药物的设计和工艺研究等业务。,上海玉曜生物医药科技有限公司,上海宇耀生物科技有限公司
9,博圣康生物,未融资,2011-12-23,深圳市,深圳市博圣康生物科技有限公司主要从事生物医药产品及生物医疗技术的研发。专业从事创新药物的开发与生产，最新机制的免疫抗癌多肽已进入临床试验二期，新一代小分子靶向抗癌药亦将进入临床试验阶段，可望解决新型靶向抗癌药的多个痛点，造福我国众多的癌症病人。,深圳市博圣康生物科技有限公司,上海宇耀生物科技有限公司
10,启愈生物,C轮,2017-07-20,长沙市,启愈生物成立于2017年，是一家专注于创新生物药的研发型公司。公司的目标是针对中国和世界的难治的癌症、自身免疫性疾病和代谢疾病（如糖尿病，高血脂等）等疾病领域开发治疗性生物新药。启愈打造了优越的生物药管线，以开发满足患者迫切需要且用得起的生物药物。,湖南启愈生物技术有限公司,上海宇耀生物科技有限公司
11,舜景医药,A轮,2018-12-21,北京市,舜景医药成立于2018年，是由热景生物孵化的一家创新驱动型生物医药技术公司，致力于原创性（First in class，FIC）抗体药物的发现、开发以及商业化。凭借卓越的科研和创新药物开发能力和AI技术赋能，已经构建了国际慢性疾病系列创新抗体药物布局，涉及心脑血管、肿瘤、神经退行性等多种疾病的治疗。,北京舜景生物医药技术有限公司,上海宇耀生物科技有限公司
12,北京宇繁生物,B轮,2020-03-02,北京市,北京宇繁生物成立于2020年，是一家化学药物研发商，依靠TLR7/8靶向药物技术平台，打造包含“小分子抗肿瘤药-疫苗佐剂-抗体偶联药物”的三维立体研发体系，开发以临床价值为导向的治疗恶性肿瘤、传染性病毒和自身免疫病的新型药物。,北京森妙生物科技有限公司,上海宇耀生物科技有限公司
13,药领医药,未融资,2018-02-01,郑州市,药领医药是一家创新药物研发商，从事新药合成、药物分析、药物制剂等领域，目前项目有：创新药物的绿色工艺研发与产业化 ——克唑替尼关键的工艺开发及分子库的建立。,郑州药领医药科技有限公司,上海宇耀生物科技有限公司
14,辉启生物,股权融资,2018-06-25,杭州市,辉启生物是一家新型小分子药物研发商，该公司专注于从事生物、医药领域内的技术开发，致力于开发治疗肿瘤与自身免疫等疾病新型小分子药物，致力于提供创新疗法。,励缔（杭州）医药科技有限公司,上海宇耀生物科技有限公司
15,Treeline Biosciences,A轮,-,-,Treeline Biosciences是一家处于临床阶段的私营生物制药企业，致力于研发最高水平的创新药物。公司通过整合内部研发与前沿计算工具，将具有潜力的疾病靶点与成熟的药物研发方法相结合，选择有望重新定义癌症及其他重大疾病治疗方式的项目推进。,-,上海宇耀生物科技有限公司
16,赛乐医药,B轮,2010-12-14,上海市,赛乐医药科技是一家创新型药物研发商，通过其建立的独特药物传递技术及产品开发方面的专业性，面向国际医药市场开发新化合实体药物及专利保护到期的药品，包括口服固体制剂、口服液体制剂、透皮吸收系统等。,赛乐医药科技（上海）有限公司,上海宇耀生物科技有限公司
17,轩竹生物,IPO,2018-09-05,石家庄市,轩竹生物是一家新分子实体创新药物研发商，主要进行新分子实体药物的研究和开发，研究的领域主要包括抗感染领域、抗心血管代谢疾病领域、抗肿瘤领域等比较前沿的新药研发领域。,轩竹生物科技股份有限公司,上海宇耀生物科技有限公司
18,智耀生物,Pre-A轮,2022-01-26,苏州市,智耀生物成立于2022年，是一家专注于生物医药与人工智能药物研发的高科技企业，公司致力于通过创新技术推动新药研发，形成了集‘技术研发、产品开发、市场推广’为一体的综合服务体系。,智耀生物医药（苏州）有限公司,上海宇耀生物科技有限公司
19,恒诺康医药,股权转让,2013-03-20,广州市,恒诺康医药成立于2013年，致力于研发具有结构专利的小分子创新药和自主知识产权的mRNA疗法，以及高端核苷酸原料，以满足日益增长的医疗需求。,广州市恒诺康医药科技有限公司,上海宇耀生物科技有限公司
20,万何圆生物,A轮,2020-05-21,上海市,万何圆生物成立于2020年，是一家创新药物研发和临床转化服务提供商，公司以客户为中心、以最前沿的类器官技术为核心，致力于打造“类器官+”的精准医疗平台、新药研发及转化医学平台。截至目前，万何圆生物已累计成功构建的类器官，覆盖了肺癌、胃癌、肝癌、肠癌、胆囊癌、胰腺癌、肾癌、前列腺癌、乳腺癌、卵巢癌、骨与软组织肿瘤、头颈部肿瘤等30余癌种的类器官培养及药敏检测体系。,上海万何圆生物科技有限公司,上海宇耀生物科技有限公司
1,海盛医疗,A轮,2021-09-15,北京市,海盛医疗成立于2021年，是一家聚焦外周血管植介入医疗器械的研发与生产的企业。将国内专家学者核心技术进行转化，在外周血管疾病探索微创介入治疗术式新工具。,北京海盛医疗器械有限公司,即通医疗科技(上海)有限公司
2,融脉医疗,A轮,2020-03-11,上海市,融脉医疗成立于2020年，是一家专注于外周血管介入医疗器械研发的高新企业。公司由国内医疗器械行业顶尖研发团队组成，团队在血管介入领域拥有十数年深厚经验。,上海融脉医疗科技有限公司,即通医疗科技(上海)有限公司
3,畅德医疗,A+轮,2021-11-15,上海市,畅德医疗成立于2021年11月，是一个致力于在外周介入器械领域高效打造一整套完整的解决方案，针对外周动静脉疾病，研发药物球囊、导管、支架、血栓清除设备等产品。,上海畅德医疗科技有限公司,即通医疗科技(上海)有限公司
4,星脉通医疗,A轮,2021-12-23,武汉市,星脉通医疗成立于2021年，坐落在湖州市，是一家专注于人体外周血管领域创新医疗器械转化的平台公司，专注于人体外周血管领域的创新医疗器械科技转化及产业化，拥有从临床到评估、设计、工艺、GMP生产、销售一体的完整转化链条。,湖北星脉通医疗科技有限公司,即通医疗科技(上海)有限公司
5,瑞桥鼎科,A轮,2021-09-27,上海市,瑞桥鼎科成立于2021年9月，位于上海市，致力于高发慢病领域医疗器械的研发、生产与商业化。公司产品覆盖外周血管、神经科学、肿瘤诊疗一体化等领域，如DKaptain™高压球囊导管等。,瑞桥鼎科（上海）医疗科技有限公司,即通医疗科技(上海)有限公司
6,佰特微医疗,B轮,2021-02-02,深圳市,佰特微医疗成立于2021年2月，是一家专注于心衰及外周血管介入医疗器械领域，集研发、制造、销售和服务为一体的高科技医疗企业。公司坚持研发技术创新，开发原创或有差异化的医疗器械。,深圳佰特微医疗科技有限公司,即通医疗科技(上海)有限公司
7,脉微医疗,未融资,2014-09-05,北京市,脉微医疗是一家集医疗器械研发，生产，销售及售后服务于一体的高新企业，致力于为微创外科尤其是血管微创外科领域提供较先进的临床解决方案。,脉微（北京）医疗科技有限公司,即通医疗科技(上海)有限公司
8,适介医疗,A+轮,2021-10-18,广州市,适介医疗成立于2021年，是一家专注于神经介入器械研发、生产和销售的供应商，致力于成为全球经桡动脉入路神经介入器械的领导者，始终秉承“创新、优质、坦诚、共赢”的价值观，创新研发多款经桡动脉入路的神经介入产品，满足临床需求，让病患得到更安全有效的治疗。,适介医疗科技（广州）有限公司,即通医疗科技(上海)有限公司
9,应脉医疗,B轮,2020-04-16,上海市,应脉医疗成立于2020年，致力于创新医疗器械的产品开发、 生产和销售，公司产品管线布局广泛，涵盖了结构性心脏病治疗、泛血管疾病治疗、神经刺激和脑机接口平台等多个创新技术领域。公司目前有包括胸主动脉覆膜支架系统在内的4项III类医疗器械产品取得了NMPA注册证，另有包括二尖瓣修复系统在内的多项产品在研发和临床进程中。,应脉医疗科技（上海）有限公司,即通医疗科技(上海)有限公司
10,荷清和创,股权转让,2022-05-25,北京市,荷清和创创建于2022年5月，是一家主要从事血管介入类医疗器械研发和生产经营科技型中小企业，以临床需求为牵引，公司致力于微流控技术、超声技术在血管介入治疗方面的研究，取得了一批具有完全知识产权的科研成果。这些成果对新型高端医疗器械的开发具有重要支撑作用。,北京荷清和创医疗科技有限公司,即通医疗科技(上海)有限公司
11,昊朗医疗,B轮,2019-08-07,佛山市,昊朗医疗成立于2019年，是一家医疗器械开发商，专注于血管通路产品输液治疗产品和感染控制产品。致力于向医务人员提供优质的医用产品、先进的医疗技术和安全可靠的医疗方案。,广东昊朗医疗科技有限责任公司,即通医疗科技(上海)有限公司
12,以心医疗,C+轮,2017-08-22,上海市,以心医疗成立于2017年，是一家心血管创新医疗器械研发商，其产品主要涵盖介入心脏瓣膜治疗产品、介入冠脉药物球囊产品及介入心衰治疗产品，均为拥有全球知识产权且技术优秀的产品。,上海以心医疗器械股份有限公司,即通医疗科技(上海)有限公司
13,科库医疗,A轮,2016-11-11,上海市,科库医疗由杨伟强先生和美国创新医疗技术转化专家Elliot Reed博士于2016年创办，聚焦心血管医疗器械领域，尝试在全球搜寻和授权前沿的医疗灵感和技术专利，并在中国进行产品开发和产业化。,上海科库医疗技术有限公司,即通医疗科技(上海)有限公司
14,新尖科技,股权转让,2021-03-12,北京市,新尖科技致力于心血管领域创新医疗器械的研发，公司以终为始，持续不断在心血管领域进行研发创新，使得优质心血管介入产品可惠及更多人群。公司核心团队具有丰富的临床经验，具有解决临床需求针对性研发设计创新医疗器械的经验，且拥有强大的资源整合能力。,北京新尖科技有限公司,即通医疗科技(上海)有限公司
15,泥丸医疗,天使轮,2020-12-23,珠海市,泥丸医疗成立于2020年，是一家集研发、委托研发和生产于一体的创新型医疗器械研发和CDMO企业，公司专注于介入行业的细分领域，擅长介入导丝、导管、球囊和支架的开发。致力于将技术服务于客户，提供高品质的介入耗材。,珠海泥丸医疗器械有限公司,即通医疗科技(上海)有限公司
16,Alpine Medical,天使轮,2024-01-01,-,Alpine Medical成立于2024年，运营总部位于上海，聚焦于心衰领域创新医疗器械的研发和产业化，致力于为全球患者提供安全有效且可负担的治疗方案。首款产品采用完全自主知识产权的泵体、导管和系统化集成设计，在介入尺寸、辅助流量和溶血等关键性能指标方面达到或超过主要竞品，有望成为全球最优质且成本较低的可扩张心室辅助系统之一。,-,即通医疗科技(上海)有限公司
17,珩畅医疗,A轮,2021-12-31,杭州市,珩畅医疗是一家医疗器械研发服务提供商，专注于从事静脉血栓智能化治疗器械领域的研发、生产和商业化，坚持创新研发、解决临床痛点，力求开发一系列具有核心自主知识产权的国际创新型医疗器械产品。,杭州珩畅医疗科技有限公司,即通医疗科技(上海)有限公司
18,小闯医疗,天使+轮,2024-11-11,苏州市,小闯医疗成立于2024年，是一家专注于医疗领域的医疗器械研发商。司以创新为核心驱动力，聚焦十二指肠脉冲电场消融（PFA）等前沿技术，致力于为消化与代谢疾病领域提供安全、高效、创新的治疗解决方案。,苏州小闯医疗科技有限公司,即通医疗科技(上海)有限公司
19,心纪元医疗,天使轮,2024-06-27,上海市,心纪元医疗成立于2022年，总部位于上海张江，专注于心脏瓣膜产品的创新与研发，致力于突破瓣膜性心脏疾病的治疗瓶颈，为全球瓣膜疾病患者提供更安全、更高效、更经济的医疗解决方案，秉承技术创新与临床需求相结合的理念，推出了具有突破性的聚合物瓣膜产品，有效集成了机械瓣和生物瓣的优势，具有使用寿命长、零钙化、低凝血、高生物相容性等优点，并极大降低了治疗成本，这一创新产品还有望解决国内瓣膜企业瓣叶材料依赖进口的问题，进一步推动国内医疗器械行业的发展。,上海心纪元创时代生命科学有限公司,即通医疗科技(上海)有限公司
20,洲瓴医疗,股权转让,2021-08-12,中山市,洲瓴医疗（InterHill MED）是一家以研发为驱动的创新型医疗设备企业，致力于为中国及全球患者提供高品质的医疗器械，治疗神经系统、心脑系统及其他危及生命的重大疾病。公司自2021年正式运营以来，通过自主研发及合作开发，建立了一条从临床前到临床阶段的丰富产品管线，构建了完整的电生理设备系统解决方案。,洲瓴（中山）医疗器械有限公司,即通医疗科技(上海)有限公司
1,海盛医疗,A轮,2021-09-15,北京市,海盛医疗成立于2021年，是一家聚焦外周血管植介入医疗器械的研发与生产的企业。将国内专家学者核心技术进行转化，在外周血管疾病探索微创介入治疗术式新工具。,北京海盛医疗器械有限公司,上海阶梯医疗科技有限公司
2,融脉医疗,A轮,2020-03-11,上海市,融脉医疗成立于2020年，是一家专注于外周血管介入医疗器械研发的高新企业。公司由国内医疗器械行业顶尖研发团队组成，团队在血管介入领域拥有十数年深厚经验。,上海融脉医疗科技有限公司,上海阶梯医疗科技有限公司
3,畅德医疗,A+轮,2021-11-15,上海市,畅德医疗成立于2021年11月，是一个致力于在外周介入器械领域高效打造一整套完整的解决方案，针对外周动静脉疾病，研发药物球囊、导管、支架、血栓清除设备等产品。,上海畅德医疗科技有限公司,上海阶梯医疗科技有限公司
4,星脉通医疗,A轮,2021-12-23,武汉市,星脉通医疗成立于2021年，坐落在湖州市，是一家专注于人体外周血管领域创新医疗器械转化的平台公司，专注于人体外周血管领域的创新医疗器械科技转化及产业化，拥有从临床到评估、设计、工艺、GMP生产、销售一体的完整转化链条。,湖北星脉通医疗科技有限公司,上海阶梯医疗科技有限公司
5,瑞桥鼎科,A轮,2021-09-27,上海市,瑞桥鼎科成立于2021年9月，位于上海市，致力于高发慢病领域医疗器械的研发、生产与商业化。公司产品覆盖外周血管、神经科学、肿瘤诊疗一体化等领域，如DKaptain™高压球囊导管等。,瑞桥鼎科（上海）医疗科技有限公司,上海阶梯医疗科技有限公司
6,佰特微医疗,B轮,2021-02-02,深圳市,佰特微医疗成立于2021年2月，是一家专注于心衰及外周血管介入医疗器械领域，集研发、制造、销售和服务为一体的高科技医疗企业。公司坚持研发技术创新，开发原创或有差异化的医疗器械。,深圳佰特微医疗科技有限公司,上海阶梯医疗科技有限公司
7,脉微医疗,未融资,2014-09-05,北京市,脉微医疗是一家集医疗器械研发，生产，销售及售后服务于一体的高新企业，致力于为微创外科尤其是血管微创外科领域提供较先进的临床解决方案。,脉微（北京）医疗科技有限公司,上海阶梯医疗科技有限公司
8,适介医疗,A+轮,2021-10-18,广州市,适介医疗成立于2021年，是一家专注于神经介入器械研发、生产和销售的供应商，致力于成为全球经桡动脉入路神经介入器械的领导者，始终秉承“创新、优质、坦诚、共赢”的价值观，创新研发多款经桡动脉入路的神经介入产品，满足临床需求，让病患得到更安全有效的治疗。,适介医疗科技（广州）有限公司,上海阶梯医疗科技有限公司
9,应脉医疗,B轮,2020-04-16,上海市,应脉医疗成立于2020年，致力于创新医疗器械的产品开发、 生产和销售，公司产品管线布局广泛，涵盖了结构性心脏病治疗、泛血管疾病治疗、神经刺激和脑机接口平台等多个创新技术领域。公司目前有包括胸主动脉覆膜支架系统在内的4项III类医疗器械产品取得了NMPA注册证，另有包括二尖瓣修复系统在内的多项产品在研发和临床进程中。,应脉医疗科技（上海）有限公司,上海阶梯医疗科技有限公司
10,荷清和创,股权转让,2022-05-25,北京市,荷清和创创建于2022年5月，是一家主要从事血管介入类医疗器械研发和生产经营科技型中小企业，以临床需求为牵引，公司致力于微流控技术、超声技术在血管介入治疗方面的研究，取得了一批具有完全知识产权的科研成果。这些成果对新型高端医疗器械的开发具有重要支撑作用。,北京荷清和创医疗科技有限公司,上海阶梯医疗科技有限公司
11,昊朗医疗,B轮,2019-08-07,佛山市,昊朗医疗成立于2019年，是一家医疗器械开发商，专注于血管通路产品输液治疗产品和感染控制产品。致力于向医务人员提供优质的医用产品、先进的医疗技术和安全可靠的医疗方案。,广东昊朗医疗科技有限责任公司,上海阶梯医疗科技有限公司
12,以心医疗,C+轮,2017-08-22,上海市,以心医疗成立于2017年，是一家心血管创新医疗器械研发商，其产品主要涵盖介入心脏瓣膜治疗产品、介入冠脉药物球囊产品及介入心衰治疗产品，均为拥有全球知识产权且技术优秀的产品。,上海以心医疗器械股份有限公司,上海阶梯医疗科技有限公司
13,科库医疗,A轮,2016-11-11,上海市,科库医疗由杨伟强先生和美国创新医疗技术转化专家Elliot Reed博士于2016年创办，聚焦心血管医疗器械领域，尝试在全球搜寻和授权前沿的医疗灵感和技术专利，并在中国进行产品开发和产业化。,上海科库医疗技术有限公司,上海阶梯医疗科技有限公司
14,新尖科技,股权转让,2021-03-12,北京市,新尖科技致力于心血管领域创新医疗器械的研发，公司以终为始，持续不断在心血管领域进行研发创新，使得优质心血管介入产品可惠及更多人群。公司核心团队具有丰富的临床经验，具有解决临床需求针对性研发设计创新医疗器械的经验，且拥有强大的资源整合能力。,北京新尖科技有限公司,上海阶梯医疗科技有限公司
15,泥丸医疗,天使轮,2020-12-23,珠海市,泥丸医疗成立于2020年，是一家集研发、委托研发和生产于一体的创新型医疗器械研发和CDMO企业，公司专注于介入行业的细分领域，擅长介入导丝、导管、球囊和支架的开发。致力于将技术服务于客户，提供高品质的介入耗材。,珠海泥丸医疗器械有限公司,上海阶梯医疗科技有限公司
16,Alpine Medical,天使轮,2024-01-01,-,Alpine Medical成立于2024年，运营总部位于上海，聚焦于心衰领域创新医疗器械的研发和产业化，致力于为全球患者提供安全有效且可负担的治疗方案。首款产品采用完全自主知识产权的泵体、导管和系统化集成设计，在介入尺寸、辅助流量和溶血等关键性能指标方面达到或超过主要竞品，有望成为全球最优质且成本较低的可扩张心室辅助系统之一。,-,上海阶梯医疗科技有限公司
17,珩畅医疗,A轮,2021-12-31,杭州市,珩畅医疗是一家医疗器械研发服务提供商，专注于从事静脉血栓智能化治疗器械领域的研发、生产和商业化，坚持创新研发、解决临床痛点，力求开发一系列具有核心自主知识产权的国际创新型医疗器械产品。,杭州珩畅医疗科技有限公司,上海阶梯医疗科技有限公司
18,小闯医疗,天使+轮,2024-11-11,苏州市,小闯医疗成立于2024年，是一家专注于医疗领域的医疗器械研发商。司以创新为核心驱动力，聚焦十二指肠脉冲电场消融（PFA）等前沿技术，致力于为消化与代谢疾病领域提供安全、高效、创新的治疗解决方案。,苏州小闯医疗科技有限公司,上海阶梯医疗科技有限公司
19,心纪元医疗,天使轮,2024-06-27,上海市,心纪元医疗成立于2022年，总部位于上海张江，专注于心脏瓣膜产品的创新与研发，致力于突破瓣膜性心脏疾病的治疗瓶颈，为全球瓣膜疾病患者提供更安全、更高效、更经济的医疗解决方案，秉承技术创新与临床需求相结合的理念，推出了具有突破性的聚合物瓣膜产品，有效集成了机械瓣和生物瓣的优势，具有使用寿命长、零钙化、低凝血、高生物相容性等优点，并极大降低了治疗成本，这一创新产品还有望解决国内瓣膜企业瓣叶材料依赖进口的问题，进一步推动国内医疗器械行业的发展。,上海心纪元创时代生命科学有限公司,上海阶梯医疗科技有限公司
20,洲瓴医疗,股权转让,2021-08-12,中山市,洲瓴医疗（InterHill MED）是一家以研发为驱动的创新型医疗设备企业，致力于为中国及全球患者提供高品质的医疗器械，治疗神经系统、心脑系统及其他危及生命的重大疾病。公司自2021年正式运营以来，通过自主研发及合作开发，建立了一条从临床前到临床阶段的丰富产品管线，构建了完整的电生理设备系统解决方案。,洲瓴（中山）医疗器械有限公司,上海阶梯医疗科技有限公司
1,御风未来,股权转让,2021-04-21,中山市,御风未来成立于2021年，是一家空中出行创新企业，致力于打造高安全、高性价比、绿色智能的eVTOL (电动垂直起降)飞行器，以“人人可享有的空中出行”为愿景，为未来城市立体交通空中出行提供解决方案。公司在上海和粤港澳大湾区均设有研发、制造、试飞等多个基地。,御风未来飞行科技（广东）有限公司,上海沃兰特航空科技股份有限公司
2,齐飞航空,天使轮,2022-01-17,苏州市,齐飞航空专注于研发电动垂直起降航空器，它不同于飞行汽车，是一种100%电动且可以垂直起降的纯粹飞行器。相比传统意义上内燃机动力固定翼飞行器，它可以不需要跑道。和普通的电动多旋翼飞行器相比，它更安静，也具有更长的续航里程，可以在城市内和城际间运行，也可以在大厦顶层或者停车场直接垂直起降，并且，其运营成本很低。,齐飞航空科技（苏州）有限责任公司,上海沃兰特航空科技股份有限公司
3,亿维特,A轮,2022-01-12,南京市,亿维特成立于2022年1月，是一家电动垂直起降飞行器研发商，专注于载人eVTOL（电动垂直起降飞行器）的研发、制造，致力于加速城市空中交通，为未来空中出行提供解决方案。,亿维特（南京）航空科技有限公司,上海沃兰特航空科技股份有限公司
4,时的科技,B+轮,2021-05-07,上海市,时的科技成立于2021年，作为国内率先自主研发倾转旋翼载人电动飞行器的科技企业，是业内最早一批专注于高商业价值载人eVTOL研发制造的科技公司，倾转旋翼复用动力系统，这种先进的设计在确保安全性的同时，也兼顾了经济性和研发效率，是实现更快速度、更高能效、更高出行效率和更安全出行工具的最佳方案。,上海时的科技有限公司,上海沃兰特航空科技股份有限公司
5,星恒长天,天使轮,2024-12-16,九江市,星恒长天成立于2024年，是一家专业从事电动垂直起降飞行器（eVTOL）研制的高科技公司。公司深耕高性能无人航空器、核心飞行控制系统等领域，现已形成“飞行器平台、智能飞控系统、云端调度平台”产品矩阵，已广泛应用于矿山、石化、电力、物流运输、安防巡检、应急消防等行业。,江西星恒长天技术有限公司,上海沃兰特航空科技股份有限公司
6,亿航智能,战略融资,2014-08-08,广州市,亿航智能成立于2014年，是一家无人驾驶航空器产品和解决方案研发商，致力于让每个人都享受到安全、自动、环保的空中交通，为全球多个行业领域客户提供各种自动驾驶飞行器产品和解决方案，覆盖城市空中交通（包括载人交通和物流运输），智慧城市管理和空中媒体等应用领域。,广州亿航智能技术有限公司,上海沃兰特航空科技股份有限公司
7,览翌航空,Pre-A轮,2023-05-16,合肥市,览翌航空成立于2023年5月，公司总部位于合肥，公司致力于提供更加安全、经济、绿色、智能的低空运输解决方案，公司主要产品有客运eVTOL和中型电动物流无人机。公司可为客户提供航空工程设计、咨询、试验、飞机产品及运营支持等服务。,合肥览翌航空科技有限公司,上海沃兰特航空科技股份有限公司
8,沃飞长空,股权转让,2016-04-22,成都市,沃飞长空成立于2016年，以低空出行业务为核心，一直致力于推动空中交通技术的创新和应用，自主研发的AE200为一型始终坚持正向开发与严格适航的5～6座级倾转动力纯电动垂直起降飞行器eVTOL（飞行汽车），坚持高性能、高安全、高舒适的设计要求，以更大的载重和航程，满足城市群内或市域间零排放、低噪音、高频次商业运营的使用需求。,四川沃飞长空科技股份有限公司,上海沃兰特航空科技股份有限公司
9,零重力飞机,B轮,2021-03-31,合肥市,零重力飞机成立于2021年3月，总部位于合肥高新区，以新能源航空器整机研制为核心，布局电动固定翼飞机（eCTOL）、电动垂直起降飞行器（eVTOL）等多型号产品，覆盖低空经济发展不同阶段的多元化应用场景。,零重力飞机工业（合肥）有限公司,上海沃兰特航空科技股份有限公司
10,Joby Aviation,战略融资,2020-07-03,-,Joby Aviation是一家开发全电动垂直起降飞机的运输公司，计划从2024年开始作为快速、安静和方便的空中出租车服务的一部分。这种飞机充一次电可飞行150英里，可搭载一名飞行员和四名乘客，最高时速可达200英里。它旨在帮助减少城市拥堵，加快向可持续交通模式的转变。,"Joby Aviation, Inc.",上海沃兰特航空科技股份有限公司
11,腾希航空,天使轮,2022-05-11,厦门市,腾希航空成立于2022年，是一家专业从事电动垂直起降飞行器（eVTOL）、无人自转旋翼机的研发、生产与应用服务的高科技企业，致力于打造安全、高效、绿色的电动垂直起降飞行器(eVTOL)和无人自转旋翼机。,厦门腾希航空科技有限公司,上海沃兰特航空科技股份有限公司
12,Volocopter,E+轮,2014-01-01,-,Volocopter是一家致力于用飞行出租车解决通勤问题的公司，专注于开发其飞行出租车，也是一款纯电动垂直起飞着陆的飞行器。,VOLOCOPTER GMBH,上海沃兰特航空科技股份有限公司
13,Doroni Aerospace,B轮,2016-11-01,-,Doroni Aerospace成立于2017年，是一家总部位于佛罗里达州的开创性电动垂直起降飞行器制造商，引领着个人空中出行的未来。以创新为核心，Doroni正通过其旗舰机型 ——Doroni H1-X（一款为日常便利而设计的尖端电动垂直起降飞行器）重新定义城市出行。在成功进行多次原型机飞行的基础上，该公司正在迅速推进，以加快H1-X的研发进程，使Doroni更接近其在2026年底推出该飞行器的目标。,-,上海沃兰特航空科技股份有限公司
14,必昂擎空,天使+轮,2021-12-07,北京市,必昂擎空成立于2021年，致力于电动垂直起降飞机的规模化应用，提供点对点货物运送和载人飞行的三维交通解决方案。,必昂擎空（北京）科技有限公司,上海沃兰特航空科技股份有限公司
15,Autonomous Flight,A轮,-,-,由序列技术企业家马丁·华纳（Martin Warner）于2017年创立的自主飞行公司（Autonomous Flight）正在建造Y6S Plus，这是一种电池供电的飞行器，旨在促进城市地区的短途运输。Autonomous Flight设计和制造电动VTOL飞机，用于城市和城际交通。,-,上海沃兰特航空科技股份有限公司
16,峰飞航空,B轮,2019-09-26,上海市,峰飞航空成立于2016年年底，总部位于中国上海，专门从事无人机的设计、研发、制造和服务。公司员工分布中国和欧洲等地，拥有一支高素质、专业化的研发与管理团队，以及行业数年的无人机技术储备。秉持着“通过差异化的无人机产品和服务，提供最佳的客户价值和体验。以客户为中心，以奋斗者为本。”的发展战略，致力于“成为智能航空领域的领航者”。,上海峰飞航空科技有限公司,上海沃兰特航空科技股份有限公司
17,安特狗航天,Pre-A轮,2024-01-29,深圳市,安特狗航天成立于2024年，是一家创新型Evtol公司，主要研发低空运载动力的载人飞行器，致力于改变人类出行方式，创造全新的飞行体验。,深圳市安特狗航天航空科技有限公司,上海沃兰特航空科技股份有限公司
18,折跃科技,天使轮,2025-06-13,深圳市,折跃科技成立于2025年，专注于业务范围：电机及飞控系统、整机设计制造、航空电子设备、可穿戴交互终端、软件算法及数据服务，拥有民用航空器生产与零部件设计双资质。,深圳市折跃科技有限公司,上海沃兰特航空科技股份有限公司
19,翊飞航空,A轮,2022-11-14,北京市,翊飞航空成立于2022年，是一家专注于新一代航空器研发、制造、销售及售后服务的公司，面对日益增长的航空物流需求，积极研发大型、智能和绿色的适航级无人运输机，力求在全球范围内提供优质的航空运输解决方案，助力低空经济发展，推动绿色航空未来。,翊飞航空科技（北京）有限公司,上海沃兰特航空科技股份有限公司
20,柘飞航空,天使+轮,2022-09-27,上海市,柘飞航空于2022年成立，致力于推动先进空中交通（AAM）发展，专注于提供适航级别的航电飞控软件系统（IVOS）以及能源系统（EPS）。公司的愿景是“加速可持续的先进空中交通”，旨在通过技术创新和合作，为电动垂直起降飞行器（eVTOL）和货运无人机等领域提供适航解决方案。,上海柘飞航空科技有限公司,上海沃兰特航空科技股份有限公司
1,亿维特,A轮,2022-01-12,南京市,亿维特成立于2022年1月，是一家电动垂直起降飞行器研发商，专注于载人eVTOL（电动垂直起降飞行器）的研发、制造，致力于加速城市空中交通，为未来空中出行提供解决方案。,亿维特（南京）航空科技有限公司,上海时的科技有限公司
2,御风未来,股权转让,2021-04-21,中山市,御风未来成立于2021年，是一家空中出行创新企业，致力于打造高安全、高性价比、绿色智能的eVTOL (电动垂直起降)飞行器，以“人人可享有的空中出行”为愿景，为未来城市立体交通空中出行提供解决方案。公司在上海和粤港澳大湾区均设有研发、制造、试飞等多个基地。,御风未来飞行科技（广东）有限公司,上海时的科技有限公司
3,瓦特科技Watt,种子轮,2021-08-17,北京市,瓦特科技-Watt是一家飞行器研发商，致力于为全球空中出行市场，研发电动载人垂直起降飞行器。公司创始团队主要来自于中国航天系统，融资资金将主要用于团队建设和公司发展等方面。目前瓦特科技正在研发eVTOL机型，将采用复合翼结构。瓦特科技-Watt致力于为全球空中出行市场，研发电动载人垂直起降飞行器。,瓦特空间（北京）科技有限公司,上海时的科技有限公司
4,沃兰特,C+轮,2021-06-01,上海市,沃兰特成立于2021年6月，是一家电动垂直起降飞行器研发商，专注于航空科技领域，致力于提供安全、环保、人人可负担的客运级飞行器，为未来空中出行提供解决方案，主要从事客运级eVTOL智能无人飞行器及其他智能无人飞行器的研发、生产及销售业务。,上海沃兰特航空科技股份有限公司,上海时的科技有限公司
5,沃飞长空,股权转让,2016-04-22,成都市,沃飞长空成立于2016年，以低空出行业务为核心，一直致力于推动空中交通技术的创新和应用，自主研发的AE200为一型始终坚持正向开发与严格适航的5～6座级倾转动力纯电动垂直起降飞行器eVTOL（飞行汽车），坚持高性能、高安全、高舒适的设计要求，以更大的载重和航程，满足城市群内或市域间零排放、低噪音、高频次商业运营的使用需求。,四川沃飞长空科技股份有限公司,上海时的科技有限公司
6,倍飞智航,天使轮,2022-09-09,绍兴市,倍飞智航，是由拥有核心技术的航空业资深专家联合建立的创新型科技企业，云集了国内外著名高校专家、航空业领军人才和多位专业契合的博士、硕士，涵盖飞行器设计、飞行控制、航电安全、电动力系统、适航、飞机金融租赁和运维等专业领域，专注载物和载人eVTOL（电动垂直起降飞行器）的设计、总装、取证、交付和市场销售，将配合用户开展运营。,倍飞智航（浙江）科技有限公司,上海时的科技有限公司
7,零重力飞机,B轮,2021-03-31,合肥市,零重力飞机成立于2021年3月，总部位于合肥高新区，以新能源航空器整机研制为核心，布局电动固定翼飞机（eCTOL）、电动垂直起降飞行器（eVTOL）等多型号产品，覆盖低空经济发展不同阶段的多元化应用场景。,零重力飞机工业（合肥）有限公司,上海时的科技有限公司
8,追梦空天科技,A轮,2022-01-27,湖州市,追梦空天科技成立于2022年，主要从事电动垂直起降飞行器（以下简称eVTOL）的研发，以“引领智能电动航空时代，实现人类自由飞行梦想”为目标，深耕混合动力倾转旋翼技术路径，致力于开发兼顾长航程、高安全性与商业化可行性的综合解决方案。产品兼具垂直起降和高速长航的优势，能广泛应用于物流运输、应急管理、巡检测绘，以及特种用途。,浙江追梦空天科技有限公司,上海时的科技有限公司
9,览翌航空,Pre-A轮,2023-05-16,合肥市,览翌航空成立于2023年5月，公司总部位于合肥，公司致力于提供更加安全、经济、绿色、智能的低空运输解决方案，公司主要产品有客运eVTOL和中型电动物流无人机。公司可为客户提供航空工程设计、咨询、试验、飞机产品及运营支持等服务。,合肥览翌航空科技有限公司,上海时的科技有限公司
10,尚飞航空,股权转让,2021-11-19,合肥市,尚飞航空致力于eVTOL（电动垂直起降飞行器）及大型应用无人机的研发和生产，研发制造大型工业级无人机，广泛应用于航空应急救援、物流、消防、军事用途等领域，同时，紧跟国际通用航空器发展趋势，研发eVTOL应用于即将到来的城市空中交通市场。,安徽尚飞航空科技有限公司,上海时的科技有限公司
11,牧羽天航空,A轮,2023-08-14,无锡市,牧羽天航空总部位于无锡，是一家高科技大型eVTOL（电动垂真起降飞行器）的研发制造企业，定位于重载eVTOL无人机的研发制造和部分运营服务。,牧羽天航空科技（江苏）有限公司,上海时的科技有限公司
12,星恒长天,天使轮,2024-12-16,九江市,星恒长天成立于2024年，是一家专业从事电动垂直起降飞行器（eVTOL）研制的高科技公司。公司深耕高性能无人航空器、核心飞行控制系统等领域，现已形成“飞行器平台、智能飞控系统、云端调度平台”产品矩阵，已广泛应用于矿山、石化、电力、物流运输、安防巡检、应急消防等行业。,江西星恒长天技术有限公司,上海时的科技有限公司
13,华羽先翔,Pre-A+轮,2023-08-23,长沙市,华羽先翔成立于2022年1月，总部位于湖南长沙，是一家新型通航飞机及先进智能化无人机系统技术研发商，华羽先翔在研的eVTOL有两款：鸿鹄Mark1以及HY系列固定翼油电垂起飞行器。鸿鹄mark1是华羽先翔鸿鹄系列eVTOL的旗舰产品，致力于未来城市空中交通，主要用途为短途旅行，旅游观光，航空运动、客运载人、货运载物、空中救护车、海岛，偏远区域，城市群亚支线物流等方向。,长沙华羽先翔航空科技有限公司,上海时的科技有限公司
14,希龙科技,未融资,2024-07-12,深圳市,希龙科技专注于eVTOL技术的创新与突破，尤其在单人版eVTOL研发方面成果显著。公司核心产品“希龙1号”HL – 1三轮超越野飞行摩托，融合了陆行与飞行功能，为个人出行提供了全新的解决方案。,希龙科技（深圳）有限公司,上海时的科技有限公司
15,蓝霄航空,天使+轮,2024-06-26,济南市,蓝霄航空成立于2024年6月，专注于大型增程式倾转旋翼eVTOL飞行器的研发和制造，定位为“全国增程式倾转旋翼eVTOL飞行器制造商”，致力于重构航空货运市场，打造高时效的低空直航货运网络。,蓝霄航空科技（济南）有限公司,上海时的科技有限公司
16,峰飞航空,B轮,2019-09-26,上海市,峰飞航空成立于2016年年底，总部位于中国上海，专门从事无人机的设计、研发、制造和服务。公司员工分布中国和欧洲等地，拥有一支高素质、专业化的研发与管理团队，以及行业数年的无人机技术储备。秉持着“通过差异化的无人机产品和服务，提供最佳的客户价值和体验。以客户为中心，以奋斗者为本。”的发展战略，致力于“成为智能航空领域的领航者”。,上海峰飞航空科技有限公司,上海时的科技有限公司
17,蜻蜓翼行,Pre-A轮,2024-08-07,杭州市,蜻蜓翼行成立于2024年8月，专注于倾转机翼型eVTOL的研发、生产和销售，核心产品QT2000全倾转旋翼载人eVTOL全面对标美国Joby S4，以“速度快、载荷大、能耗低、舒适性高”为核心卖点，致力于提供全球极致性价比的空中出行方案。,蜻蜓翼行（杭州）科技有限公司,上海时的科技有限公司
18,腾希航空,天使轮,2022-05-11,厦门市,腾希航空成立于2022年，是一家专业从事电动垂直起降飞行器（eVTOL）、无人自转旋翼机的研发、生产与应用服务的高科技企业，致力于打造安全、高效、绿色的电动垂直起降飞行器(eVTOL)和无人自转旋翼机。,厦门腾希航空科技有限公司,上海时的科技有限公司
19,玮航科技,A轮,2018-10-12,北京市,玮航科技成立于2018年，是eVTOL电动涵道风扇喷气推进技术的科技公司，致力于为城市空中高效出行飞行汽车提供动力推进技术支撑。在应急救援、国防装备、飞行汽车与立体交通等领域适用。,北京玮航科技有限公司,上海时的科技有限公司
20,天翎科,A轮,2023-10-17,上海市,天翎科成立于2023年，是一家空中专车eVTOL（电动垂直起降飞行器）整机设计制造商，致力于用高安全、高性能、低噪声的飞行器构建未来城市空中交通网络，实现高品质的空中出行。,天翎科航空科技（上海）有限公司,上海时的科技有限公司
1,坤雷科技,A轮,2015-08-04,长沙市,坤雷科技成立于2015年，公司专注于低空管控领域相关产品的研发、生产、销售及服务，为无人机低空管控行业提供高性能、智能化的解决方案。,湖南坤雷科技有限公司,特金智能科技(上海)有限公司
2,朔尚电子,未融资,2018-03-22,上海市,朔尚电子科技有限公司是一家新创立的高科技公司，主要从事电子、通信领域产品研发并提供解决方案。公司目前主要业务是从事无人机侦测与反制系统的研发和生产，公司产品可广泛应用于军队、边防、机场、公安，监狱，重要政府机关等单位，也可应用于大型活动安保，高档小区日常安保等场合，可以满足用户在复杂城市环境下对小型无人机的监督和管理需求。,上海朔尚电子科技有限公司,特金智能科技(上海)有限公司
3,宏泰控飞,未融资,2018-03-23,郑州市,河南宏泰控飞信息技术有限公司是郑州信大先进技术研究院高新技术孵化企业。公司主要从事低空慢速小型目标的预警、监控与处置，着眼国内外无人机安全管控难题，通过“远、中、近”多手段联动，实现“区域化预警、实时化跟踪、可控化处置”全方位的无人机安全管控，能有效解决公共场所、军事设施、监狱、机场等重点区域因无人机“黑飞”带来的安全威胁。,河南宏泰控飞信息技术有限公司,特金智能科技(上海)有限公司
4,加西亚,天使+轮,2012-12-04,北京市,北京加西亚联合技术是国内一家提供低空空域安全管控解决方案的技术企业。致力于为政府部门、公安部门、要地要害单位及面临低空安全威胁的单位提供完整低空空域安全解决方案，消除低空安全威胁提供科学、高效的低空飞行器安全飞行服务。产品已形成完善的产品谱系，从低空无人飞行器的监视、反制、管控、安全管理等方面提供立体式服务，开发出了低空空域安全防控多功能指挥车、低空探测预警雷达、无人飞行器光电探测器、无线电干扰器、微波炮、无人飞行器卫星导航诱骗系统等反制与侦测产品，同时公司提供低空空域飞行安全服务系统，安全、可控地提供无人飞行器低空安全管理服务。,北京加西亚联合技术有限公司,特金智能科技(上海)有限公司
5,智空未来,Pre-B轮,2017-07-04,深圳市,智空未来致力于运用智能无线电技术，让物联网环境更安全，其核心产品蓝天卫士无人机反制系统，具有“无源探测，精准识别，无人值守，低干扰”等特性，该解决方案利用尖端的射频频谱感应，信号处理，人工智能和机器学习技术来解码底层协议以检测无人机。,深圳智空未来信息技术有限公司,特金智能科技(上海)有限公司
6,空御科技,A轮,2014-08-07,成都市,空御科技成立于2014年，是一家低空安防产品研发商，该公司主要生产“探鹰”雷达、“听鹰”监测设备、“追鹰”光电设备、“驱鹰”全向式干扰设备、无人机智能追踪反制平台等，主要应用于机场、监狱等场合的无人机反制领域。,成都空御科技有限公司,特金智能科技(上海)有限公司
7,鸢飞科技,未融资,2017-06-05,北京市,鸢飞科技成立于2017年，专注于无人机空管及行业应用系统的研发、建设和运营，以“平台运营+数据应用”的双核心模式致力于区域性低空监管和无人机或飞行汽车运行服务。,北京鸢飞科技有限公司,特金智能科技(上海)有限公司
8,欣飞智能系统,股权转让,2016-06-29,烟台市,欣飞智能系统是一家反无人机系统研发商，拥有专业的数字化反无人机系统等净空防御系统的全系统自主知识产权，为用户提供阵列式净空侦测防御系统，其辐射半径为15公里，凡飞行高度为3500米以内的非法拍摄“无人机”在辐射范围会被自动迫降，主要用于消除空中拍摄干扰和安全威胁。,烟台欣飞智能系统有限公司,特金智能科技(上海)有限公司
9,历正科技,C+轮,2018-11-28,广州市,历正科技是一家无人机防御系统研发商，致力于用信息安全手段解决民用无人机检测、识别、防御，目前已经形成防御察打一体系统、无源侦测系统、无源定位系统、手持式预警管制设备四型13类产品体系。产品主要应用于政府机构、国防、航空机场 、监狱看所、体育场馆、工业设施等。,历正科技（广州）有限公司,特金智能科技(上海)有限公司
10,Unifly,B轮,-,-,Unifly是一家无人机空中交通管理系统研发商，能够在特定空域里集中管理低空无人机，同时可以让监管机构以可视化的方式了解无人机运行轨迹，高效批准无人机的飞行计划，而且还能实时管理必要的禁飞区，一旦有无人机误闯相关空域就会发出警告提醒。,-,特金智能科技(上海)有限公司
11,理工全盛,A轮,2016-09-26,北京市,理工全盛成立于2016年，致力于低空无人系统装备的防御技术研发与应用推广，通过对低空的电磁频谱感知与分析，融合了分数域信号处理理论、毫米波与/太赫兹波系统集成与应用技术、人工智能、移动互联等新一代信息技术，推出了基于TDOA、AOA技术体制的系列化产品，可对低空无人装备实现远距离感知、高精度定位、实时轨迹探测、自动视频跟踪、精准定向反制、定点导航诱骗等全流程管理与处置。,理工全盛（北京）科技有限公司,特金智能科技(上海)有限公司
12,鉴真防务,未融资,2017-07-06,上海市,鉴真防务成立于2017年7月，是国内卓越的军民融合无人机安全管控防控整体解决方案提供商，是低空防务领域集军民两用技术研发、设备生产、系统集成、方案定制和销售服务于一体的科技领军企业。总部位于上海，分公司网状辐射湖南、湖北、山东、江西、陕西、四川等地，产品研发资源和业务渠道网络覆盖全国。,鉴真防务技术（上海）有限公司,特金智能科技(上海)有限公司
13,八阵图,天使轮,2025-12-12,福州市,八阵图成立于2025年，专注于低空安防领域，主要业务包括反无人机雷达系统研发、生产及低空安全监测解决方案提供。,福州八阵图低空科技有限公司,特金智能科技(上海)有限公司
14,力翔智能,股权转让,2003-01-28,长沙市,力翔智能成立于2003年，是一家专注于无人机低空管理服务的企业。多年来深入了解、潜心研究公安实战需求，公司自主设计、外协研发、系统集成了一系列符合公安实战需求的产品：云端空管平台、警用航空器综合应用管理平台、低空通航监管服务平台等一系列产品。,湖南力翔智能科技有限公司,特金智能科技(上海)有限公司
15,雷擎科技,B轮,2019-06-25,杭州市,雷擎科技是一家低空防御综合解决方案提供商，主要业务是无人机导航诱骗系统的研发、生产和销售，同时配有无线电侦测系统、雷达探测系统、光电探测系统、无线电干扰系统、无人机反制枪等产品，反制目标就是“低、慢、小”的民用无人机。,杭州雷擎电子科技发展有限公司,特金智能科技(上海)有限公司
16,杰能科世,A轮,2017-03-13,杭州市,杰能科世创立于2017年3月，总部位于杭州市，是一家低空安全产品及解决方案服务商，以云边端信息协同、雷达、无线电、5G-A、音视频感知融合、数字孪生、区块链、AI大模型等技术为基础，为用户提供低空安全产品及解决方案。,杰能科世智能安全科技（杭州）有限公司,特金智能科技(上海)有限公司
17,中图智飞,天使轮,2018-04-23,南昌市,中图智飞成立于2018年，是一家低空无人机感知网科技型公司，依托无人机巢，集“无人化、智能化、网格化、集群化”四大特点于一身，可全方位实现无人值守、智能作业、大面积网格化机巢部署、多机协同作业及低成本高效覆盖。,江西中图智飞科技有限公司,特金智能科技(上海)有限公司
18,辰航卓越,Pre-A轮,2022-06-08,西安市,辰航卓越成立于2022年，是国内最早的专业化无人机安全领域技术企业。公司始终以成为无人机自主安全行业的领航者为公司愿景，为无人机行业、相关制造商以及广大用户提供包括模拟训练、测试检验、加固防护、自主安全在内的低空安全与低空防务的系列解决方案。,西安辰航卓越科技有限公司,特金智能科技(上海)有限公司
19,瞭望科技,未融资,2018-04-11,合肥市,瞭望科技是一家为客户提供低空安全解决方案的技术企业，主要从事低空预警雷达、海域监视雷达的研发、生产与销售，智能低空预警控制系统软件的开发。,安徽瞭望科技有限公司,特金智能科技(上海)有限公司
20,光谷信科,未融资,2023-06-02,深圳市,光谷信科专注于无人机和反无人机解决方案的研发与应用。致力于原创智造，自研飞行控制系统，地面控制系统，光电吊舱等，广泛应用国防、城市管理、消防应急、交通运输等领域。同时提供定制服务，满足多元需求。以科技赋能未来，让飞行更智能高效。,光谷信科（深圳）技术有限公司,特金智能科技(上海)有限公司
